[parsing started RegularFileObject[ThreePL.java]]
[parsing completed 96ms]
[search path for source files: ../../sources]
[search path for class files: /Library/Java/JavaVirtualMachines/amazon-corretto-8.jdk/Contents/Home/jre/lib/resources.jar,/Library/Java/JavaVirtualMachines/amazon-corretto-8.jdk/Contents/Home/jre/lib/rt.jar,/Library/Java/JavaVirtualMachines/amazon-corretto-8.jdk/Contents/Home/jre/lib/sunrsasign.jar,/Library/Java/JavaVirtualMachines/amazon-corretto-8.jdk/Contents/Home/jre/lib/jsse.jar,/Library/Java/JavaVirtualMachines/amazon-corretto-8.jdk/Contents/Home/jre/lib/jce.jar,/Library/Java/JavaVirtualMachines/amazon-corretto-8.jdk/Contents/Home/jre/lib/charsets.jar,/Library/Java/JavaVirtualMachines/amazon-corretto-8.jdk/Contents/Home/jre/lib/jfr.jar,/Library/Java/JavaVirtualMachines/amazon-corretto-8.jdk/Contents/Home/jre/classes,/Library/Java/JavaVirtualMachines/amazon-corretto-8.jdk/Contents/Home/jre/lib/ext/sunec.jar,/Library/Java/JavaVirtualMachines/amazon-corretto-8.jdk/Contents/Home/jre/lib/ext/nashorn.jar,/Library/Java/JavaVirtualMachines/amazon-corretto-8.jdk/Contents/Home/jre/lib/ext/cldrdata.jar,/Library/Java/JavaVirtualMachines/amazon-corretto-8.jdk/Contents/Home/jre/lib/ext/jfxrt.jar,/Library/Java/JavaVirtualMachines/amazon-corretto-8.jdk/Contents/Home/jre/lib/ext/dnsns.jar,/Library/Java/JavaVirtualMachines/amazon-corretto-8.jdk/Contents/Home/jre/lib/ext/localedata.jar,/Library/Java/JavaVirtualMachines/amazon-corretto-8.jdk/Contents/Home/jre/lib/ext/sunjce_provider.jar,/Library/Java/JavaVirtualMachines/amazon-corretto-8.jdk/Contents/Home/jre/lib/ext/sunpkcs11.jar,/Library/Java/JavaVirtualMachines/amazon-corretto-8.jdk/Contents/Home/jre/lib/ext/jaccess.jar,/Library/Java/JavaVirtualMachines/amazon-corretto-8.jdk/Contents/Home/jre/lib/ext/zipfs.jar,/Library/Java/Extensions/commons-logging-1.1.3.jar,/Library/Java/Extensions/jackcess-1.2.14.3.jar,/Library/Java/Extensions/commons-lang-2.6.jar,/System/Library/Java/Extensions/MRJToolkit.jar,../../classes]
[loading ZipFileIndexFileObject[/Library/Java/JavaVirtualMachines/amazon-corretto-8.jdk/Contents/Home/lib/ct.sym(META-INF/sym/rt.jar/java/io/File.class)]]
[loading ZipFileIndexFileObject[/Library/Java/JavaVirtualMachines/amazon-corretto-8.jdk/Contents/Home/lib/ct.sym(META-INF/sym/rt.jar/java/io/FileNotFoundException.class)]]
[loading ZipFileIndexFileObject[/Library/Java/JavaVirtualMachines/amazon-corretto-8.jdk/Contents/Home/lib/ct.sym(META-INF/sym/rt.jar/java/io/FileWriter.class)]]
[loading ZipFileIndexFileObject[/Library/Java/JavaVirtualMachines/amazon-corretto-8.jdk/Contents/Home/lib/ct.sym(META-INF/sym/rt.jar/java/io/IOException.class)]]
[loading ZipFileIndexFileObject[/Library/Java/JavaVirtualMachines/amazon-corretto-8.jdk/Contents/Home/lib/ct.sym(META-INF/sym/rt.jar/java/io/PrintStream.class)]]
[loading ZipFileIndexFileObject[/Library/Java/JavaVirtualMachines/amazon-corretto-8.jdk/Contents/Home/lib/ct.sym(META-INF/sym/rt.jar/java/io/PrintWriter.class)]]
[loading ZipFileIndexFileObject[/Library/Java/JavaVirtualMachines/amazon-corretto-8.jdk/Contents/Home/lib/ct.sym(META-INF/sym/rt.jar/java/text/SimpleDateFormat.class)]]
[loading ZipFileIndexFileObject[/Library/Java/JavaVirtualMachines/amazon-corretto-8.jdk/Contents/Home/lib/ct.sym(META-INF/sym/rt.jar/java/util/ArrayList.class)]]
[loading ZipFileIndexFileObject[/Library/Java/JavaVirtualMachines/amazon-corretto-8.jdk/Contents/Home/lib/ct.sym(META-INF/sym/rt.jar/java/util/Date.class)]]
[loading ZipFileIndexFileObject[/Library/Java/JavaVirtualMachines/amazon-corretto-8.jdk/Contents/Home/lib/ct.sym(META-INF/sym/rt.jar/java/util/Enumeration.class)]]
[loading ZipFileIndexFileObject[/Library/Java/JavaVirtualMachines/amazon-corretto-8.jdk/Contents/Home/lib/ct.sym(META-INF/sym/rt.jar/java/util/HashSet.class)]]
[loading ZipFileIndexFileObject[/Library/Java/JavaVirtualMachines/amazon-corretto-8.jdk/Contents/Home/lib/ct.sym(META-INF/sym/rt.jar/java/util/Iterator.class)]]
[loading ZipFileIndexFileObject[/Library/Java/JavaVirtualMachines/amazon-corretto-8.jdk/Contents/Home/lib/ct.sym(META-INF/sym/rt.jar/java/util/LinkedList.class)]]
[loading ZipFileIndexFileObject[/Library/Java/JavaVirtualMachines/amazon-corretto-8.jdk/Contents/Home/lib/ct.sym(META-INF/sym/rt.jar/java/util/Map.class)]]
[loading ZipFileIndexFileObject[/Library/Java/JavaVirtualMachines/amazon-corretto-8.jdk/Contents/Home/lib/ct.sym(META-INF/sym/rt.jar/java/util/ResourceBundle.class)]]
[loading ZipFileIndexFileObject[/Library/Java/JavaVirtualMachines/amazon-corretto-8.jdk/Contents/Home/lib/ct.sym(META-INF/sym/rt.jar/java/util/TreeMap.class)]]
[loading ZipFileIndexFileObject[/Library/Java/JavaVirtualMachines/amazon-corretto-8.jdk/Contents/Home/lib/ct.sym(META-INF/sym/rt.jar/javax/swing/JFileChooser.class)]]
[loading RegularFileObject[../../sources/threepl/codegen/TDE.java]]
[parsing started RegularFileObject[../../sources/threepl/codegen/TDE.java]]
[parsing completed 15ms]
[loading RegularFileObject[../../sources/threepl/codegen/TDEConstants.java]]
[parsing started RegularFileObject[../../sources/threepl/codegen/TDEConstants.java]]
[parsing completed 2ms]
[loading RegularFileObject[../../sources/threepl/codegen/TDEList.java]]
[parsing started RegularFileObject[../../sources/threepl/codegen/TDEList.java]]
[parsing completed 20ms]
[loading RegularFileObject[../../sources/threepl/codegen/TDEVar.java]]
[parsing started RegularFileObject[../../sources/threepl/codegen/TDEVar.java]]
[parsing completed 9ms]
[loading RegularFileObject[../../sources/threepl/exceptions/ExEx.java]]
[parsing started RegularFileObject[../../sources/threepl/exceptions/ExEx.java]]
[parsing completed 0ms]
[loading RegularFileObject[../../sources/threepl/exec/Body.java]]
[parsing started RegularFileObject[../../sources/threepl/exec/Body.java]]
[parsing completed 6ms]
[loading RegularFileObject[../../sources/threepl/exec/Clock.java]]
[parsing started RegularFileObject[../../sources/threepl/exec/Clock.java]]
[parsing completed 4ms]
[loading RegularFileObject[../../sources/threepl/exec/FileDesc.java]]
[parsing started RegularFileObject[../../sources/threepl/exec/FileDesc.java]]
[parsing completed 2ms]
[loading RegularFileObject[../../sources/threepl/exec/Function.java]]
[parsing started RegularFileObject[../../sources/threepl/exec/Function.java]]
[parsing completed 1ms]
[loading RegularFileObject[../../sources/threepl/exec/Immediate.java]]
[parsing started RegularFileObject[../../sources/threepl/exec/Immediate.java]]
[parsing completed 10ms]
[loading RegularFileObject[../../sources/threepl/exec/Group.java]]
[parsing started RegularFileObject[../../sources/threepl/exec/Group.java]]
[parsing completed 0ms]
[loading RegularFileObject[../../sources/threepl/exec/Module.java]]
[parsing started RegularFileObject[../../sources/threepl/exec/Module.java]]
[parsing completed 0ms]
[loading RegularFileObject[../../sources/threepl/exec/Procedure.java]]
[parsing started RegularFileObject[../../sources/threepl/exec/Procedure.java]]
[parsing completed 1ms]
[loading RegularFileObject[../../sources/threepl/exec/Queue.java]]
[parsing started RegularFileObject[../../sources/threepl/exec/Queue.java]]
[parsing completed 6ms]
[loading RegularFileObject[../../sources/threepl/exec/Scope.java]]
[parsing started RegularFileObject[../../sources/threepl/exec/Scope.java]]
[parsing completed 1ms]
[loading RegularFileObject[../../sources/threepl/exec/Type.java]]
[parsing started RegularFileObject[../../sources/threepl/exec/Type.java]]
[parsing completed 5ms]
[loading RegularFileObject[../../sources/threepl/exec/Val.java]]
[parsing started RegularFileObject[../../sources/threepl/exec/Val.java]]
[parsing completed 14ms]
[loading RegularFileObject[../../sources/threepl/exec/Var.java]]
[parsing started RegularFileObject[../../sources/threepl/exec/Var.java]]
[parsing completed 5ms]
[loading RegularFileObject[../../sources/threepl/nodes/Ident.java]]
[parsing started RegularFileObject[../../sources/threepl/nodes/Ident.java]]
[parsing completed 0ms]
[loading RegularFileObject[../../sources/threepl/nodes/NodeList.java]]
[parsing started RegularFileObject[../../sources/threepl/nodes/NodeList.java]]
[parsing completed 0ms]
[loading RegularFileObject[../../sources/threepl/nodes/VarNode.java]]
[parsing started RegularFileObject[../../sources/threepl/nodes/VarNode.java]]
[parsing completed 1ms]
[loading RegularFileObject[../../sources/threepl/parser/Constant.java]]
[parsing started RegularFileObject[../../sources/threepl/parser/Constant.java]]
[parsing completed 1ms]
[loading RegularFileObject[../../sources/threepl/parser/SrcLoc.java]]
[parsing started RegularFileObject[../../sources/threepl/parser/SrcLoc.java]]
[parsing completed 1ms]
[loading ZipFileIndexFileObject[/Library/Java/JavaVirtualMachines/amazon-corretto-8.jdk/Contents/Home/lib/ct.sym(META-INF/sym/rt.jar/java/lang/Object.class)]]
[loading RegularFileObject[../../sources/threepl/parser/Functions.java]]
[parsing started RegularFileObject[../../sources/threepl/parser/Functions.java]]
[parsing completed 2ms]
[loading ZipFileIndexFileObject[/Library/Java/JavaVirtualMachines/amazon-corretto-8.jdk/Contents/Home/lib/ct.sym(META-INF/sym/rt.jar/java/util/InputMismatchException.class)]]
[loading ZipFileIndexFileObject[/Library/Java/JavaVirtualMachines/amazon-corretto-8.jdk/Contents/Home/lib/ct.sym(META-INF/sym/rt.jar/java/util/NoSuchElementException.class)]]
[loading ZipFileIndexFileObject[/Library/Java/JavaVirtualMachines/amazon-corretto-8.jdk/Contents/Home/lib/ct.sym(META-INF/sym/rt.jar/java/util/Scanner.class)]]
[loading ZipFileIndexFileObject[/Library/Java/JavaVirtualMachines/amazon-corretto-8.jdk/Contents/Home/lib/ct.sym(META-INF/sym/rt.jar/java/util/Set.class)]]
[loading RegularFileObject[../../sources/threepl/exec/Ref.java]]
[parsing started RegularFileObject[../../sources/threepl/exec/Ref.java]]
[parsing completed 1ms]
[loading RegularFileObject[../../sources/threepl/exec/WordSpec.java]]
[parsing started RegularFileObject[../../sources/threepl/exec/WordSpec.java]]
[parsing completed 5ms]
[loading ZipFileIndexFileObject[/Library/Java/JavaVirtualMachines/amazon-corretto-8.jdk/Contents/Home/lib/ct.sym(META-INF/sym/rt.jar/java/util/HashMap.class)]]
[loading RegularFileObject[../../sources/threepl/exceptions/MapException.java]]
[parsing started RegularFileObject[../../sources/threepl/exceptions/MapException.java]]
[parsing completed 0ms]
[loading RegularFileObject[../../sources/threepl/parser/AttributesMap.java]]
[parsing started RegularFileObject[../../sources/threepl/parser/AttributesMap.java]]
[parsing completed 0ms]
[loading RegularFileObject[../../sources/threepl/funcs/InbuiltFunc.java]]
[parsing started RegularFileObject[../../sources/threepl/funcs/InbuiltFunc.java]]
[parsing completed 0ms]
[loading RegularFileObject[../../sources/threepl/funcs/InbuiltFuncs.java]]
[parsing started RegularFileObject[../../sources/threepl/funcs/InbuiltFuncs.java]]
[parsing completed 1ms]
[loading RegularFileObject[../../sources/threepl/mods/InbuiltMod.java]]
[parsing started RegularFileObject[../../sources/threepl/mods/InbuiltMod.java]]
[parsing completed 0ms]
[loading RegularFileObject[../../sources/threepl/mods/InbuiltMods.java]]
[parsing started RegularFileObject[../../sources/threepl/mods/InbuiltMods.java]]
[parsing completed 0ms]
[loading RegularFileObject[../../sources/threepl/netlist/Display.java]]
[parsing started RegularFileObject[../../sources/threepl/netlist/Display.java]]
[parsing completed 1ms]
[loading RegularFileObject[../../sources/threepl/netlist/Element.java]]
[parsing started RegularFileObject[../../sources/threepl/netlist/Element.java]]
[parsing completed 5ms]
[loading RegularFileObject[../../sources/threepl/netlist/Net.java]]
[parsing started RegularFileObject[../../sources/threepl/netlist/Net.java]]
[parsing completed 2ms]
[loading RegularFileObject[../../sources/threepl/netlist/TDECode.java]]
[parsing started RegularFileObject[../../sources/threepl/netlist/TDECode.java]]
[parsing completed 4ms]
[loading RegularFileObject[../../sources/threepl/netlist/xilinx/UNISIMS.java]]
[parsing started RegularFileObject[../../sources/threepl/netlist/xilinx/UNISIMS.java]]
[parsing completed 0ms]
[loading RegularFileObject[../../sources/threepl/nodes/BlockNode.java]]
[parsing started RegularFileObject[../../sources/threepl/nodes/BlockNode.java]]
[parsing completed 0ms]
[loading RegularFileObject[../../sources/threepl/parser/FileChooser.java]]
[parsing started RegularFileObject[../../sources/threepl/parser/FileChooser.java]]
[parsing completed 1ms]
[loading RegularFileObject[../../sources/threepl/parser/ParseException.java]]
[parsing started RegularFileObject[../../sources/threepl/parser/ParseException.java]]
[parsing completed 1ms]
[loading RegularFileObject[../../sources/threepl/parser/Parser.java]]
[parsing started RegularFileObject[../../sources/threepl/parser/Parser.java]]
[parsing completed 122ms]
[loading RegularFileObject[../../sources/threepl/parser/SrcReader.java]]
[parsing started RegularFileObject[../../sources/threepl/parser/SrcReader.java]]
[parsing completed 3ms]
[loading RegularFileObject[../../sources/threepl/parser/Token.java]]
[parsing started RegularFileObject[../../sources/threepl/parser/Token.java]]
[parsing completed 0ms]
[loading RegularFileObject[../../sources/threepl/parser/TokenMgrError.java]]
[parsing started RegularFileObject[../../sources/threepl/parser/TokenMgrError.java]]
[parsing completed 0ms]
[loading RegularFileObject[../../sources/threepl/procs/InbuiltProc.java]]
[parsing started RegularFileObject[../../sources/threepl/procs/InbuiltProc.java]]
[parsing completed 1ms]
[loading RegularFileObject[../../sources/threepl/procs/InbuiltProcs.java]]
[parsing started RegularFileObject[../../sources/threepl/procs/InbuiltProcs.java]]
[parsing completed 0ms]
[loading ZipFileIndexFileObject[/Library/Java/JavaVirtualMachines/amazon-corretto-8.jdk/Contents/Home/lib/ct.sym(META-INF/sym/rt.jar/java/lang/Runtime.class)]]
[loading ZipFileIndexFileObject[/Library/Java/JavaVirtualMachines/amazon-corretto-8.jdk/Contents/Home/lib/ct.sym(META-INF/sym/rt.jar/java/lang/String.class)]]
[loading ZipFileIndexFileObject[/Library/Java/JavaVirtualMachines/amazon-corretto-8.jdk/Contents/Home/lib/ct.sym(META-INF/sym/rt.jar/java/lang/StringBuffer.class)]]
[loading ZipFileIndexFileObject[/Library/Java/JavaVirtualMachines/amazon-corretto-8.jdk/Contents/Home/lib/ct.sym(META-INF/sym/rt.jar/java/io/FileReader.class)]]
[loading ZipFileIndexFileObject[/Library/Java/JavaVirtualMachines/amazon-corretto-8.jdk/Contents/Home/lib/ct.sym(META-INF/sym/rt.jar/java/util/regex/Pattern.class)]]
[loading ZipFileIndexFileObject[/Library/Java/JavaVirtualMachines/amazon-corretto-8.jdk/Contents/Home/lib/ct.sym(META-INF/sym/rt.jar/java/io/InputStreamReader.class)]]
[loading ZipFileIndexFileObject[/Library/Java/JavaVirtualMachines/amazon-corretto-8.jdk/Contents/Home/lib/ct.sym(META-INF/sym/rt.jar/java/io/Reader.class)]]
[loading ZipFileIndexFileObject[/Library/Java/JavaVirtualMachines/amazon-corretto-8.jdk/Contents/Home/lib/ct.sym(META-INF/sym/rt.jar/java/lang/Readable.class)]]
[loading ZipFileIndexFileObject[/Library/Java/JavaVirtualMachines/amazon-corretto-8.jdk/Contents/Home/lib/ct.sym(META-INF/sym/rt.jar/java/io/Closeable.class)]]
[loading ZipFileIndexFileObject[/Library/Java/JavaVirtualMachines/amazon-corretto-8.jdk/Contents/Home/lib/ct.sym(META-INF/sym/rt.jar/java/lang/AutoCloseable.class)]]
[loading ZipFileIndexFileObject[/Library/Java/JavaVirtualMachines/amazon-corretto-8.jdk/Contents/Home/lib/ct.sym(META-INF/sym/rt.jar/java/lang/Enum.class)]]
[loading ZipFileIndexFileObject[/Library/Java/JavaVirtualMachines/amazon-corretto-8.jdk/Contents/Home/lib/ct.sym(META-INF/sym/rt.jar/java/lang/Comparable.class)]]
[loading ZipFileIndexFileObject[/Library/Java/JavaVirtualMachines/amazon-corretto-8.jdk/Contents/Home/lib/ct.sym(META-INF/sym/rt.jar/java/io/Serializable.class)]]
[loading RegularFileObject[../../sources/threepl/parser/ParserConstants.java]]
[parsing started RegularFileObject[../../sources/threepl/parser/ParserConstants.java]]
[parsing completed 1ms]
[loading ZipFileIndexFileObject[/Library/Java/JavaVirtualMachines/amazon-corretto-8.jdk/Contents/Home/lib/ct.sym(META-INF/sym/rt.jar/java/lang/SuppressWarnings.class)]]
[loading ZipFileIndexFileObject[/Library/Java/JavaVirtualMachines/amazon-corretto-8.jdk/Contents/Home/lib/ct.sym(META-INF/sym/rt.jar/java/util/Collection.class)]]
[loading RegularFileObject[../../sources/threepl/nodes/CompoundValNode.java]]
[parsing started RegularFileObject[../../sources/threepl/nodes/CompoundValNode.java]]
[parsing completed 2ms]
[loading RegularFileObject[../../sources/threepl/nodes/ClassFuncCallNode.java]]
[parsing started RegularFileObject[../../sources/threepl/nodes/ClassFuncCallNode.java]]
[parsing completed 0ms]
[loading RegularFileObject[../../sources/threepl/nodes/KeyMatchNode.java]]
[parsing started RegularFileObject[../../sources/threepl/nodes/KeyMatchNode.java]]
[parsing completed 0ms]
[loading RegularFileObject[../../sources/threepl/nodes/ListNode.java]]
[parsing started RegularFileObject[../../sources/threepl/nodes/ListNode.java]]
[parsing completed 0ms]
[loading RegularFileObject[../../sources/threepl/nodes/Node.java]]
[parsing started RegularFileObject[../../sources/threepl/nodes/Node.java]]
[parsing completed 1ms]
[loading RegularFileObject[../../sources/threepl/nodes/ProcModCallNode.java]]
[parsing started RegularFileObject[../../sources/threepl/nodes/ProcModCallNode.java]]
[parsing completed 1ms]
[loading RegularFileObject[../../sources/threepl/nodes/PtrValNode.java]]
[parsing started RegularFileObject[../../sources/threepl/nodes/PtrValNode.java]]
[parsing completed 1ms]
[loading RegularFileObject[../../sources/threepl/procs/IdentProc.java]]
[parsing started RegularFileObject[../../sources/threepl/procs/IdentProc.java]]
[parsing completed 1ms]
[loading RegularFileObject[../../sources/threepl/procs/RefProc.java]]
[parsing started RegularFileObject[../../sources/threepl/procs/RefProc.java]]
[parsing completed 0ms]
[loading ZipFileIndexFileObject[/Library/Java/JavaVirtualMachines/amazon-corretto-8.jdk/Contents/Home/lib/ct.sym(META-INF/sym/rt.jar/java/util/Map$Entry.class)]]
[loading RegularFileObject[../../sources/threepl/exec/QueueRefs.java]]
[parsing started RegularFileObject[../../sources/threepl/exec/QueueRefs.java]]
[parsing completed 3ms]
[loading ZipFileIndexFileObject[/Library/Java/JavaVirtualMachines/amazon-corretto-8.jdk/Contents/Home/lib/ct.sym(META-INF/sym/rt.jar/java/lang/Integer.class)]]
[loading ZipFileIndexFileObject[/Library/Java/JavaVirtualMachines/amazon-corretto-8.jdk/Contents/Home/lib/ct.sym(META-INF/sym/rt.jar/java/io/BufferedReader.class)]]
[loading ZipFileIndexFileObject[/Library/Java/JavaVirtualMachines/amazon-corretto-8.jdk/Contents/Home/lib/ct.sym(META-INF/sym/rt.jar/java/io/FileInputStream.class)]]
[loading ZipFileIndexFileObject[/Library/Java/JavaVirtualMachines/amazon-corretto-8.jdk/Contents/Home/lib/ct.sym(META-INF/sym/rt.jar/java/io/FileOutputStream.class)]]
[loading ZipFileIndexFileObject[/Library/Java/JavaVirtualMachines/amazon-corretto-8.jdk/Contents/Home/lib/ct.sym(META-INF/sym/rt.jar/java/io/InputStream.class)]]
[loading ZipFileIndexFileObject[/Library/Java/JavaVirtualMachines/amazon-corretto-8.jdk/Contents/Home/lib/ct.sym(META-INF/sym/rt.jar/java/io/OutputStream.class)]]
[loading RegularFileObject[../../sources/threepl/exec/RefOrVal.java]]
[parsing started RegularFileObject[../../sources/threepl/exec/RefOrVal.java]]
[parsing completed 2ms]
[loading ZipFileIndexFileObject[/Library/Java/JavaVirtualMachines/amazon-corretto-8.jdk/Contents/Home/lib/ct.sym(META-INF/sym/rt.jar/java/util/TimeZone.class)]]
[loading RegularFileObject[../../sources/threepl/exec/Priority.java]]
[parsing started RegularFileObject[../../sources/threepl/exec/Priority.java]]
[parsing completed 4ms]
[loading ZipFileIndexFileObject[/Library/Java/JavaVirtualMachines/amazon-corretto-8.jdk/Contents/Home/lib/ct.sym(META-INF/sym/rt.jar/java/util/List.class)]]
[loading ZipFileIndexFileObject[/Library/Java/JavaVirtualMachines/amazon-corretto-8.jdk/Contents/Home/lib/ct.sym(META-INF/sym/rt.jar/java/lang/Iterable.class)]]
[loading ZipFileIndexFileObject[/Library/Java/JavaVirtualMachines/amazon-corretto-8.jdk/Contents/Home/lib/ct.sym(META-INF/sym/rt.jar/java/util/RandomAccess.class)]]
[loading ZipFileIndexFileObject[/Library/Java/JavaVirtualMachines/amazon-corretto-8.jdk/Contents/Home/lib/ct.sym(META-INF/sym/rt.jar/java/lang/Cloneable.class)]]
[loading ZipFileIndexFileObject[/Library/Java/JavaVirtualMachines/amazon-corretto-8.jdk/Contents/Home/lib/ct.sym(META-INF/sym/rt.jar/java/util/AbstractList.class)]]
[loading ZipFileIndexFileObject[/Library/Java/JavaVirtualMachines/amazon-corretto-8.jdk/Contents/Home/lib/ct.sym(META-INF/sym/rt.jar/java/util/AbstractCollection.class)]]
[loading RegularFileObject[../../sources/threepl/codegen/TDEVarList.java]]
[parsing started RegularFileObject[../../sources/threepl/codegen/TDEVarList.java]]
[parsing completed 1ms]
[loading RegularFileObject[../../sources/threepl/netlist/NetConstants.java]]
[parsing started RegularFileObject[../../sources/threepl/netlist/NetConstants.java]]
[parsing completed 1ms]
[loading ZipFileIndexFileObject[/Library/Java/JavaVirtualMachines/amazon-corretto-8.jdk/Contents/Home/lib/ct.sym(META-INF/sym/rt.jar/java/lang/Exception.class)]]
[loading RegularFileObject[../../sources/threepl/exec/SubFieldList.java]]
[parsing started RegularFileObject[../../sources/threepl/exec/SubFieldList.java]]
[parsing completed 2ms]
[loading ZipFileIndexFileObject[/Library/Java/JavaVirtualMachines/amazon-corretto-8.jdk/Contents/Home/lib/ct.sym(META-INF/sym/rt.jar/java/lang/StringBuilder.class)]]
[loading RegularFileObject[../../sources/threepl/nodes/FieldNode.java]]
[parsing started RegularFileObject[../../sources/threepl/nodes/FieldNode.java]]
[parsing completed 0ms]
[loading RegularFileObject[../../sources/threepl/nodes/SubscriptNode.java]]
[parsing started RegularFileObject[../../sources/threepl/nodes/SubscriptNode.java]]
[parsing completed 0ms]
[loading RegularFileObject[../../sources/threepl/exec/SubField.java]]
[parsing started RegularFileObject[../../sources/threepl/exec/SubField.java]]
[parsing completed 1ms]
[loading ZipFileIndexFileObject[/Library/Java/JavaVirtualMachines/amazon-corretto-8.jdk/Contents/Home/lib/ct.sym(META-INF/sym/rt.jar/java/util/NavigableMap.class)]]
[loading ZipFileIndexFileObject[/Library/Java/JavaVirtualMachines/amazon-corretto-8.jdk/Contents/Home/lib/ct.sym(META-INF/sym/rt.jar/java/util/SortedMap.class)]]
[loading ZipFileIndexFileObject[/Library/Java/JavaVirtualMachines/amazon-corretto-8.jdk/Contents/Home/lib/ct.sym(META-INF/sym/rt.jar/java/util/AbstractMap.class)]]
[loading ZipFileIndexFileObject[/Library/Java/JavaVirtualMachines/amazon-corretto-8.jdk/Contents/Home/lib/ct.sym(META-INF/sym/rt.jar/java/lang/Boolean.class)]]
[loading ZipFileIndexFileObject[/Library/Java/JavaVirtualMachines/amazon-corretto-8.jdk/Contents/Home/lib/ct.sym(META-INF/sym/rt.jar/java/lang/RuntimeException.class)]]
[loading ZipFileIndexFileObject[/Library/Java/JavaVirtualMachines/amazon-corretto-8.jdk/Contents/Home/lib/ct.sym(META-INF/sym/rt.jar/java/lang/Throwable.class)]]
[loading RegularFileObject[../../sources/threepl/parser/BENode.java]]
[parsing started RegularFileObject[../../sources/threepl/parser/BENode.java]]
[parsing completed 1ms]
[loading RegularFileObject[../../sources/threepl/nodes/UnlessNode.java]]
[parsing started RegularFileObject[../../sources/threepl/nodes/UnlessNode.java]]
[parsing completed 1ms]
[loading RegularFileObject[../../sources/threepl/exec/EnumConst.java]]
[parsing started RegularFileObject[../../sources/threepl/exec/EnumConst.java]]
[parsing completed 0ms]
[loading RegularFileObject[../../sources/threepl/exec/Field.java]]
[parsing started RegularFileObject[../../sources/threepl/exec/Field.java]]
[parsing completed 0ms]
[loading RegularFileObject[../../sources/threepl/parser/ParserTokenManager.java]]
[parsing started RegularFileObject[../../sources/threepl/parser/ParserTokenManager.java]]
[parsing completed 6ms]
[loading RegularFileObject[../../sources/threepl/parser/SimpleCharStream.java]]
[parsing started RegularFileObject[../../sources/threepl/parser/SimpleCharStream.java]]
[parsing completed 1ms]
[loading ZipFileIndexFileObject[/Library/Java/JavaVirtualMachines/amazon-corretto-8.jdk/Contents/Home/lib/ct.sym(META-INF/sym/rt.jar/java/lang/Error.class)]]
[loading ZipFileIndexFileObject[/Library/Java/JavaVirtualMachines/amazon-corretto-8.jdk/Contents/Home/lib/ct.sym(META-INF/sym/rt.jar/java/lang/Long.class)]]
[loading RegularFileObject[../../sources/threepl/exec/Value.java]]
[parsing started RegularFileObject[../../sources/threepl/exec/Value.java]]
[parsing completed 3ms]
[loading ZipFileIndexFileObject[/Library/Java/JavaVirtualMachines/amazon-corretto-8.jdk/Contents/Home/lib/ct.sym(META-INF/sym/rt.jar/java/lang/Double.class)]]
[loading RegularFileObject[../../sources/threepl/netlist/Ports.java]]
[parsing started RegularFileObject[../../sources/threepl/netlist/Ports.java]]
[parsing completed 0ms]
[loading ZipFileIndexFileObject[/Library/Java/JavaVirtualMachines/amazon-corretto-8.jdk/Contents/Home/lib/ct.sym(META-INF/sym/rt.jar/java/util/LinkedHashSet.class)]]
[loading ZipFileIndexFileObject[/Library/Java/JavaVirtualMachines/amazon-corretto-8.jdk/Contents/Home/lib/ct.sym(META-INF/sym/rt.jar/java/util/TreeSet.class)]]
[loading RegularFileObject[../../sources/threepl/nodes/StrNode.java]]
[parsing started RegularFileObject[../../sources/threepl/nodes/StrNode.java]]
[parsing completed 0ms]
[loading ZipFileIndexFileObject[/Library/Java/JavaVirtualMachines/amazon-corretto-8.jdk/Contents/Home/lib/ct.sym(META-INF/sym/rt.jar/java/io/UnsupportedEncodingException.class)]]
[loading ZipFileIndexFileObject[/Library/Java/JavaVirtualMachines/amazon-corretto-8.jdk/Contents/Home/lib/ct.sym(META-INF/sym/rt.jar/java/util/LinkedHashMap.class)]]
[loading RegularFileObject[../../sources/threepl/exec/ClockedVar.java]]
[parsing started RegularFileObject[../../sources/threepl/exec/ClockedVar.java]]
[parsing completed 0ms]
[loading ZipFileIndexFileObject[/Library/Java/JavaVirtualMachines/amazon-corretto-8.jdk/Contents/Home/lib/ct.sym(META-INF/sym/rt.jar/java/awt/BorderLayout.class)]]
[loading ZipFileIndexFileObject[/Library/Java/JavaVirtualMachines/amazon-corretto-8.jdk/Contents/Home/lib/ct.sym(META-INF/sym/rt.jar/java/awt/Color.class)]]
[loading ZipFileIndexFileObject[/Library/Java/JavaVirtualMachines/amazon-corretto-8.jdk/Contents/Home/lib/ct.sym(META-INF/sym/rt.jar/java/awt/Dimension.class)]]
[loading ZipFileIndexFileObject[/Library/Java/JavaVirtualMachines/amazon-corretto-8.jdk/Contents/Home/lib/ct.sym(META-INF/sym/rt.jar/java/awt/Graphics.class)]]
[loading ZipFileIndexFileObject[/Library/Java/JavaVirtualMachines/amazon-corretto-8.jdk/Contents/Home/lib/ct.sym(META-INF/sym/rt.jar/java/awt/GridLayout.class)]]
[loading ZipFileIndexFileObject[/Library/Java/JavaVirtualMachines/amazon-corretto-8.jdk/Contents/Home/lib/ct.sym(META-INF/sym/rt.jar/java/awt/Point.class)]]
[loading ZipFileIndexFileObject[/Library/Java/JavaVirtualMachines/amazon-corretto-8.jdk/Contents/Home/lib/ct.sym(META-INF/sym/rt.jar/java/awt/event/ActionEvent.class)]]
[loading ZipFileIndexFileObject[/Library/Java/JavaVirtualMachines/amazon-corretto-8.jdk/Contents/Home/lib/ct.sym(META-INF/sym/rt.jar/java/awt/event/ActionListener.class)]]
[loading ZipFileIndexFileObject[/Library/Java/JavaVirtualMachines/amazon-corretto-8.jdk/Contents/Home/lib/ct.sym(META-INF/sym/rt.jar/java/awt/event/MouseEvent.class)]]
[loading ZipFileIndexFileObject[/Library/Java/JavaVirtualMachines/amazon-corretto-8.jdk/Contents/Home/lib/ct.sym(META-INF/sym/rt.jar/java/awt/event/MouseListener.class)]]
[loading ZipFileIndexFileObject[/Library/Java/JavaVirtualMachines/amazon-corretto-8.jdk/Contents/Home/lib/ct.sym(META-INF/sym/rt.jar/javax/swing/BorderFactory.class)]]
[loading ZipFileIndexFileObject[/Library/Java/JavaVirtualMachines/amazon-corretto-8.jdk/Contents/Home/lib/ct.sym(META-INF/sym/rt.jar/javax/swing/ButtonGroup.class)]]
[loading ZipFileIndexFileObject[/Library/Java/JavaVirtualMachines/amazon-corretto-8.jdk/Contents/Home/lib/ct.sym(META-INF/sym/rt.jar/javax/swing/JComponent.class)]]
[loading ZipFileIndexFileObject[/Library/Java/JavaVirtualMachines/amazon-corretto-8.jdk/Contents/Home/lib/ct.sym(META-INF/sym/rt.jar/javax/swing/JFrame.class)]]
[loading ZipFileIndexFileObject[/Library/Java/JavaVirtualMachines/amazon-corretto-8.jdk/Contents/Home/lib/ct.sym(META-INF/sym/rt.jar/javax/swing/JLabel.class)]]
[loading ZipFileIndexFileObject[/Library/Java/JavaVirtualMachines/amazon-corretto-8.jdk/Contents/Home/lib/ct.sym(META-INF/sym/rt.jar/javax/swing/JPanel.class)]]
[loading ZipFileIndexFileObject[/Library/Java/JavaVirtualMachines/amazon-corretto-8.jdk/Contents/Home/lib/ct.sym(META-INF/sym/rt.jar/javax/swing/JRadioButton.class)]]
[loading ZipFileIndexFileObject[/Library/Java/JavaVirtualMachines/amazon-corretto-8.jdk/Contents/Home/lib/ct.sym(META-INF/sym/rt.jar/javax/swing/JScrollPane.class)]]
[loading ZipFileIndexFileObject[/Library/Java/JavaVirtualMachines/amazon-corretto-8.jdk/Contents/Home/lib/ct.sym(META-INF/sym/rt.jar/javax/swing/JTextField.class)]]
[loading ZipFileIndexFileObject[/Library/Java/JavaVirtualMachines/amazon-corretto-8.jdk/Contents/Home/lib/ct.sym(META-INF/sym/rt.jar/javax/swing/JViewport.class)]]
[loading ZipFileIndexFileObject[/Library/Java/JavaVirtualMachines/amazon-corretto-8.jdk/Contents/Home/lib/ct.sym(META-INF/sym/rt.jar/javax/swing/SwingConstants.class)]]
[loading ZipFileIndexFileObject[/Library/Java/JavaVirtualMachines/amazon-corretto-8.jdk/Contents/Home/lib/ct.sym(META-INF/sym/rt.jar/javax/accessibility/Accessible.class)]]
[loading ZipFileIndexFileObject[/Library/Java/JavaVirtualMachines/amazon-corretto-8.jdk/Contents/Home/lib/ct.sym(META-INF/sym/rt.jar/javax/swing/TransferHandler.class)]]
[loading ZipFileIndexFileObject[/Library/Java/JavaVirtualMachines/amazon-corretto-8.jdk/Contents/Home/lib/ct.sym(META-INF/sym/rt.jar/javax/swing/TransferHandler$HasGetTransferHandler.class)]]
[loading ZipFileIndexFileObject[/Library/Java/JavaVirtualMachines/amazon-corretto-8.jdk/Contents/Home/lib/ct.sym(META-INF/sym/rt.jar/java/awt/Container.class)]]
[loading ZipFileIndexFileObject[/Library/Java/JavaVirtualMachines/amazon-corretto-8.jdk/Contents/Home/lib/ct.sym(META-INF/sym/rt.jar/java/awt/Component.class)]]
[loading ZipFileIndexFileObject[/Library/Java/JavaVirtualMachines/amazon-corretto-8.jdk/Contents/Home/lib/ct.sym(META-INF/sym/rt.jar/java/awt/image/ImageObserver.class)]]
[loading ZipFileIndexFileObject[/Library/Java/JavaVirtualMachines/amazon-corretto-8.jdk/Contents/Home/lib/ct.sym(META-INF/sym/rt.jar/java/awt/MenuContainer.class)]]
[loading ZipFileIndexFileObject[/Library/Java/JavaVirtualMachines/amazon-corretto-8.jdk/Contents/Home/lib/ct.sym(META-INF/sym/rt.jar/java/util/EventListener.class)]]
[loading RegularFileObject[../../sources/threepl/netlist/xilinx/XTDECode.java]]
[parsing started RegularFileObject[../../sources/threepl/netlist/xilinx/XTDECode.java]]
[parsing completed 14ms]
[loading RegularFileObject[../../sources/threepl/netlist/xilinx/XFunctions.java]]
[parsing started RegularFileObject[../../sources/threepl/netlist/xilinx/XFunctions.java]]
[parsing completed 8ms]
[loading RegularFileObject[../../sources/threepl/netlist/xilinx/RamBlock.java]]
[parsing started RegularFileObject[../../sources/threepl/netlist/xilinx/RamBlock.java]]
[parsing completed 1ms]
[loading RegularFileObject[../../sources/threepl/netlist/xilinx/FifoBlock.java]]
[parsing started RegularFileObject[../../sources/threepl/netlist/xilinx/FifoBlock.java]]
[parsing completed 1ms]
[loading RegularFileObject[../../sources/threepl/netlist/xilinx/XElements.java]]
[parsing started RegularFileObject[../../sources/threepl/netlist/xilinx/XElements.java]]
[parsing completed 2ms]
[loading RegularFileObject[../../sources/threepl/netlist/GenFunctions.java]]
[parsing started RegularFileObject[../../sources/threepl/netlist/GenFunctions.java]]
[parsing completed 1ms]
[loading ZipFileIndexFileObject[/Library/Java/JavaVirtualMachines/amazon-corretto-8.jdk/Contents/Home/lib/ct.sym(META-INF/sym/rt.jar/java/awt/Font.class)]]
[loading ZipFileIndexFileObject[/Library/Java/JavaVirtualMachines/amazon-corretto-8.jdk/Contents/Home/lib/ct.sym(META-INF/sym/rt.jar/java/awt/Insets.class)]]
[loading ZipFileIndexFileObject[/Library/Java/JavaVirtualMachines/amazon-corretto-8.jdk/Contents/Home/lib/ct.sym(META-INF/sym/rt.jar/java/util/concurrent/Semaphore.class)]]
[loading ZipFileIndexFileObject[/Library/Java/JavaVirtualMachines/amazon-corretto-8.jdk/Contents/Home/lib/ct.sym(META-INF/sym/rt.jar/javax/swing/BoxLayout.class)]]
[loading ZipFileIndexFileObject[/Library/Java/JavaVirtualMachines/amazon-corretto-8.jdk/Contents/Home/lib/ct.sym(META-INF/sym/rt.jar/javax/swing/JButton.class)]]
[loading ZipFileIndexFileObject[/Library/Java/JavaVirtualMachines/amazon-corretto-8.jdk/Contents/Home/lib/ct.sym(META-INF/sym/rt.jar/javax/swing/JCheckBox.class)]]
[loading ZipFileIndexFileObject[/Library/Java/JavaVirtualMachines/amazon-corretto-8.jdk/Contents/Home/lib/ct.sym(META-INF/sym/rt.jar/javax/swing/JTextArea.class)]]
[loading ZipFileIndexFileObject[/Library/Java/JavaVirtualMachines/amazon-corretto-8.jdk/Contents/Home/lib/ct.sym(META-INF/sym/rt.jar/javax/swing/filechooser/FileFilter.class)]]
[loading ZipFileIndexFileObject[/Library/Java/JavaVirtualMachines/amazon-corretto-8.jdk/Contents/Home/lib/ct.sym(META-INF/sym/rt.jar/java/lang/Runnable.class)]]
[loading ZipFileIndexFileObject[/Library/Java/JavaVirtualMachines/amazon-corretto-8.jdk/Contents/Home/lib/ct.sym(META-INF/sym/rt.jar/java/lang/annotation/Target.class)]]
[loading ZipFileIndexFileObject[/Library/Java/JavaVirtualMachines/amazon-corretto-8.jdk/Contents/Home/lib/ct.sym(META-INF/sym/rt.jar/java/lang/annotation/ElementType.class)]]
[loading ZipFileIndexFileObject[/Library/Java/JavaVirtualMachines/amazon-corretto-8.jdk/Contents/Home/lib/ct.sym(META-INF/sym/rt.jar/java/lang/annotation/Retention.class)]]
[loading ZipFileIndexFileObject[/Library/Java/JavaVirtualMachines/amazon-corretto-8.jdk/Contents/Home/lib/ct.sym(META-INF/sym/rt.jar/java/lang/annotation/RetentionPolicy.class)]]
[loading ZipFileIndexFileObject[/Library/Java/JavaVirtualMachines/amazon-corretto-8.jdk/Contents/Home/lib/ct.sym(META-INF/sym/rt.jar/java/lang/annotation/Annotation.class)]]
[loading ZipFileIndexFileObject[/Library/Java/JavaVirtualMachines/amazon-corretto-8.jdk/Contents/Home/lib/ct.sym(META-INF/sym/rt.jar/java/lang/Deprecated.class)]]
[loading ZipFileIndexFileObject[/Library/Java/JavaVirtualMachines/amazon-corretto-8.jdk/Contents/Home/lib/ct.sym(META-INF/sym/rt.jar/java/beans/ConstructorProperties.class)]]
[checking threepl.parser.Functions]
[loading ZipFileIndexFileObject[/Library/Java/JavaVirtualMachines/amazon-corretto-8.jdk/Contents/Home/lib/ct.sym(META-INF/sym/rt.jar/java/lang/Byte.class)]]
[loading ZipFileIndexFileObject[/Library/Java/JavaVirtualMachines/amazon-corretto-8.jdk/Contents/Home/lib/ct.sym(META-INF/sym/rt.jar/java/lang/Character.class)]]
[loading ZipFileIndexFileObject[/Library/Java/JavaVirtualMachines/amazon-corretto-8.jdk/Contents/Home/lib/ct.sym(META-INF/sym/rt.jar/java/lang/Short.class)]]
[loading ZipFileIndexFileObject[/Library/Java/JavaVirtualMachines/amazon-corretto-8.jdk/Contents/Home/lib/ct.sym(META-INF/sym/rt.jar/java/lang/Float.class)]]
[loading ZipFileIndexFileObject[/Library/Java/JavaVirtualMachines/amazon-corretto-8.jdk/Contents/Home/lib/ct.sym(META-INF/sym/rt.jar/java/lang/Void.class)]]
[loading ZipFileIndexFileObject[/Library/Java/JavaVirtualMachines/amazon-corretto-8.jdk/Contents/Home/lib/ct.sym(META-INF/sym/rt.jar/java/lang/CharSequence.class)]]
[loading ZipFileIndexFileObject[/Library/Java/JavaVirtualMachines/amazon-corretto-8.jdk/Contents/Home/lib/ct.sym(META-INF/sym/rt.jar/java/lang/AbstractStringBuilder.class)]]
[loading ZipFileIndexFileObject[/Library/Java/JavaVirtualMachines/amazon-corretto-8.jdk/Contents/Home/lib/ct.sym(META-INF/sym/rt.jar/java/lang/Appendable.class)]]
[loading ZipFileIndexFileObject[/Library/Java/JavaVirtualMachines/amazon-corretto-8.jdk/Contents/Home/lib/ct.sym(META-INF/sym/rt.jar/java/lang/Number.class)]]
[loading ZipFileIndexFileObject[/Library/Java/JavaVirtualMachines/amazon-corretto-8.jdk/Contents/Home/lib/ct.sym(META-INF/sym/rt.jar/java/lang/NumberFormatException.class)]]
[loading ZipFileIndexFileObject[/Library/Java/JavaVirtualMachines/amazon-corretto-8.jdk/Contents/Home/lib/ct.sym(META-INF/sym/rt.jar/java/lang/IllegalArgumentException.class)]]
[loading ZipFileIndexFileObject[/Library/Java/JavaVirtualMachines/amazon-corretto-8.jdk/Contents/Home/lib/ct.sym(META-INF/sym/rt.jar/java/nio/channels/ReadableByteChannel.class)]]
[loading ZipFileIndexFileObject[/Library/Java/JavaVirtualMachines/amazon-corretto-8.jdk/Contents/Home/lib/ct.sym(META-INF/sym/rt.jar/java/nio/file/Path.class)]]
[loading ZipFileIndexFileObject[/Library/Java/JavaVirtualMachines/amazon-corretto-8.jdk/Contents/Home/lib/ct.sym(META-INF/sym/rt.jar/java/lang/NoSuchFieldError.class)]]
[wrote RegularFileObject[../../classes/threepl/parser/Functions$1.class]]
[wrote RegularFileObject[../../classes/threepl/parser/Functions.class]]
[checking threepl.parser.Constant]
[loading ZipFileIndexFileObject[/Library/Java/JavaVirtualMachines/amazon-corretto-8.jdk/Contents/Home/lib/ct.sym(META-INF/sym/rt.jar/java/lang/CloneNotSupportedException.class)]]
[loading ZipFileIndexFileObject[/Library/Java/JavaVirtualMachines/amazon-corretto-8.jdk/Contents/Home/lib/ct.sym(META-INF/sym/rt.jar/java/lang/Class.class)]]
[wrote RegularFileObject[../../classes/threepl/parser/Constant$Ptype.class]]
[wrote RegularFileObject[../../classes/threepl/parser/Constant$PtrType.class]]
[wrote RegularFileObject[../../classes/threepl/parser/Constant$Mode.class]]
[wrote RegularFileObject[../../classes/threepl/parser/Constant$TreeOp.class]]
[wrote RegularFileObject[../../classes/threepl/parser/Constant$SFType.class]]
[wrote RegularFileObject[../../classes/threepl/parser/Constant$Flag.class]]
[wrote RegularFileObject[../../classes/threepl/parser/Constant$EXECR.class]]
[wrote RegularFileObject[../../classes/threepl/parser/Constant$Btype.class]]
[wrote RegularFileObject[../../classes/threepl/parser/Constant$AST.class]]
[wrote RegularFileObject[../../classes/threepl/parser/Constant$ClkType.class]]
[wrote RegularFileObject[../../classes/threepl/parser/Constant$Ttype.class]]
[wrote RegularFileObject[../../classes/threepl/parser/Constant$Context.class]]
[wrote RegularFileObject[../../classes/threepl/parser/Constant$Calloc.class]]
[wrote RegularFileObject[../../classes/threepl/parser/Constant$ACT.class]]
[wrote RegularFileObject[../../classes/threepl/parser/Constant$UOB.class]]
[wrote RegularFileObject[../../classes/threepl/parser/Constant$1.class]]
[wrote RegularFileObject[../../classes/threepl/parser/Constant.class]]
[checking threepl.exec.Var]
[loading ZipFileIndexFileObject[/Library/Java/JavaVirtualMachines/amazon-corretto-8.jdk/Contents/Home/lib/ct.sym(META-INF/sym/rt.jar/java/util/AbstractSet.class)]]
[loading ZipFileIndexFileObject[/Library/Java/JavaVirtualMachines/amazon-corretto-8.jdk/Contents/Home/lib/ct.sym(META-INF/sym/rt.jar/java/util/Comparator.class)]]
[loading ZipFileIndexFileObject[/Library/Java/JavaVirtualMachines/amazon-corretto-8.jdk/Contents/Home/lib/ct.sym(META-INF/sym/rt.jar/java/lang/reflect/GenericDeclaration.class)]]
[loading ZipFileIndexFileObject[/Library/Java/JavaVirtualMachines/amazon-corretto-8.jdk/Contents/Home/lib/ct.sym(META-INF/sym/rt.jar/java/lang/reflect/AnnotatedElement.class)]]
[loading ZipFileIndexFileObject[/Library/Java/JavaVirtualMachines/amazon-corretto-8.jdk/Contents/Home/lib/ct.sym(META-INF/sym/rt.jar/java/lang/reflect/Type.class)]]
[loading ZipFileIndexFileObject[/Library/Java/JavaVirtualMachines/amazon-corretto-8.jdk/Contents/Home/lib/ct.sym(META-INF/sym/rt.jar/java/lang/Math.class)]]
[wrote RegularFileObject[../../classes/threepl/exec/Var$IDtype.class]]
[wrote RegularFileObject[../../classes/threepl/exec/Var$eapair.class]]
[wrote RegularFileObject[../../classes/threepl/exec/Var$1.class]]
[wrote RegularFileObject[../../classes/threepl/exec/Var.class]]
[checking threepl.codegen.TDEConstants]
[wrote RegularFileObject[../../classes/threepl/codegen/TDEConstants$TDEOp.class]]
[wrote RegularFileObject[../../classes/threepl/codegen/TDEConstants$TDEVtype.class]]
[wrote RegularFileObject[../../classes/threepl/codegen/TDEConstants$TDEVPtype.class]]
[wrote RegularFileObject[../../classes/threepl/codegen/TDEConstants$TDEType.class]]
[wrote RegularFileObject[../../classes/threepl/codegen/TDEConstants.class]]
[checking threepl.ThreePL]
[loading ZipFileIndexFileObject[/Library/Java/JavaVirtualMachines/amazon-corretto-8.jdk/Contents/Home/lib/ct.sym(META-INF/sym/rt.jar/java/lang/System.class)]]
[loading ZipFileIndexFileObject[/Library/Java/JavaVirtualMachines/amazon-corretto-8.jdk/Contents/Home/lib/ct.sym(META-INF/sym/rt.jar/java/lang/NoSuchFieldException.class)]]
[loading ZipFileIndexFileObject[/Library/Java/JavaVirtualMachines/amazon-corretto-8.jdk/Contents/Home/lib/ct.sym(META-INF/sym/rt.jar/java/lang/SecurityException.class)]]
[loading ZipFileIndexFileObject[/Library/Java/JavaVirtualMachines/amazon-corretto-8.jdk/Contents/Home/lib/ct.sym(META-INF/sym/rt.jar/java/lang/reflect/Field.class)]]
[loading ZipFileIndexFileObject[/Library/Java/JavaVirtualMachines/amazon-corretto-8.jdk/Contents/Home/lib/ct.sym(META-INF/sym/rt.jar/java/lang/reflect/Member.class)]]
[loading ZipFileIndexFileObject[/Library/Java/JavaVirtualMachines/amazon-corretto-8.jdk/Contents/Home/lib/ct.sym(META-INF/sym/rt.jar/java/lang/reflect/AccessibleObject.class)]]
[loading ZipFileIndexFileObject[/Library/Java/JavaVirtualMachines/amazon-corretto-8.jdk/Contents/Home/lib/ct.sym(META-INF/sym/rt.jar/java/text/DateFormat.class)]]
[loading ZipFileIndexFileObject[/Library/Java/JavaVirtualMachines/amazon-corretto-8.jdk/Contents/Home/lib/ct.sym(META-INF/sym/rt.jar/java/text/Format.class)]]
[loading ZipFileIndexFileObject[/Library/Java/JavaVirtualMachines/amazon-corretto-8.jdk/Contents/Home/lib/ct.sym(META-INF/sym/rt.jar/java/io/FilterOutputStream.class)]]
[loading ZipFileIndexFileObject[/Library/Java/JavaVirtualMachines/amazon-corretto-8.jdk/Contents/Home/lib/ct.sym(META-INF/sym/rt.jar/java/io/Flushable.class)]]
[loading ZipFileIndexFileObject[/Library/Java/JavaVirtualMachines/amazon-corretto-8.jdk/Contents/Home/lib/ct.sym(META-INF/sym/rt.jar/java/net/URI.class)]]
[loading ZipFileIndexFileObject[/Library/Java/JavaVirtualMachines/amazon-corretto-8.jdk/Contents/Home/lib/ct.sym(META-INF/sym/rt.jar/javax/swing/filechooser/FileSystemView.class)]]
[loading ZipFileIndexFileObject[/Library/Java/JavaVirtualMachines/amazon-corretto-8.jdk/Contents/Home/lib/ct.sym(META-INF/sym/rt.jar/java/util/Locale.class)]]
[loading ZipFileIndexFileObject[/Library/Java/JavaVirtualMachines/amazon-corretto-8.jdk/Contents/Home/lib/ct.sym(META-INF/sym/rt.jar/java/io/FileDescriptor.class)]]
[loading ZipFileIndexFileObject[/Library/Java/JavaVirtualMachines/amazon-corretto-8.jdk/Contents/Home/lib/ct.sym(META-INF/sym/rt.jar/java/io/OutputStreamWriter.class)]]
[loading ZipFileIndexFileObject[/Library/Java/JavaVirtualMachines/amazon-corretto-8.jdk/Contents/Home/lib/ct.sym(META-INF/sym/rt.jar/java/io/Writer.class)]]
[loading ZipFileIndexFileObject[/Library/Java/JavaVirtualMachines/amazon-corretto-8.jdk/Contents/Home/lib/ct.sym(META-INF/sym/rt.jar/java/util/AbstractSequentialList.class)]]
[loading ZipFileIndexFileObject[/Library/Java/JavaVirtualMachines/amazon-corretto-8.jdk/Contents/Home/lib/ct.sym(META-INF/sym/rt.jar/java/util/Deque.class)]]
[loading ZipFileIndexFileObject[/Library/Java/JavaVirtualMachines/amazon-corretto-8.jdk/Contents/Home/lib/ct.sym(META-INF/sym/rt.jar/java/util/Queue.class)]]
[loading ZipFileIndexFileObject[/Library/Java/JavaVirtualMachines/amazon-corretto-8.jdk/Contents/Home/lib/ct.sym(META-INF/sym/rt.jar/java/util/ListIterator.class)]]
[loading ZipFileIndexFileObject[/Library/Java/JavaVirtualMachines/amazon-corretto-8.jdk/Contents/Home/lib/ct.sym(META-INF/sym/rt.jar/java/lang/ReflectiveOperationException.class)]]
[loading ZipFileIndexFileObject[/Library/Java/JavaVirtualMachines/amazon-corretto-8.jdk/Contents/Home/lib/ct.sym(META-INF/sym/rt.jar/java/lang/IllegalAccessException.class)]]
[loading ZipFileIndexFileObject[/Library/Java/JavaVirtualMachines/amazon-corretto-8.jdk/Contents/Home/lib/ct.sym(META-INF/sym/rt.jar/java/text/ParseException.class)]]
[wrote RegularFileObject[../../classes/threepl/ThreePL$ExecPair.class]]
[wrote RegularFileObject[../../classes/threepl/ThreePL$Trailer.class]]
[wrote RegularFileObject[../../classes/threepl/ThreePL$1.class]]
[wrote RegularFileObject[../../classes/threepl/ThreePL.class]]
[checking threepl.parser.SrcReader]
[loading ZipFileIndexFileObject[/Library/Java/JavaVirtualMachines/amazon-corretto-8.jdk/Contents/Home/lib/ct.sym(META-INF/sym/rt.jar/java/lang/InterruptedException.class)]]
[loading ZipFileIndexFileObject[/Library/Java/JavaVirtualMachines/amazon-corretto-8.jdk/Contents/Home/lib/ct.sym(META-INF/sym/rt.jar/java/util/regex/Matcher.class)]]
[loading ZipFileIndexFileObject[/Library/Java/JavaVirtualMachines/amazon-corretto-8.jdk/Contents/Home/lib/ct.sym(META-INF/sym/rt.jar/java/util/regex/MatchResult.class)]]
[wrote RegularFileObject[../../classes/threepl/parser/SrcReader.class]]
[checking threepl.parser.Parser]
[loading RegularFileObject[../../sources/threepl/nodes/NullNode.java]]
[parsing started RegularFileObject[../../sources/threepl/nodes/NullNode.java]]
[parsing completed 1ms]
[loading RegularFileObject[../../sources/threepl/nodes/ImAssNode.java]]
[parsing started RegularFileObject[../../sources/threepl/nodes/ImAssNode.java]]
[parsing completed 1ms]
[loading RegularFileObject[../../sources/threepl/nodes/TargAssNode.java]]
[parsing started RegularFileObject[../../sources/threepl/nodes/TargAssNode.java]]
[parsing completed 2ms]
[loading RegularFileObject[../../sources/threepl/nodes/ExprNode.java]]
[parsing started RegularFileObject[../../sources/threepl/nodes/ExprNode.java]]
[parsing completed 9ms]
[loading RegularFileObject[../../sources/threepl/nodes/ParBlockNode.java]]
[parsing started RegularFileObject[../../sources/threepl/nodes/ParBlockNode.java]]
[parsing completed 1ms]
[loading RegularFileObject[../../sources/threepl/nodes/SeqBlockNode.java]]
[parsing started RegularFileObject[../../sources/threepl/nodes/SeqBlockNode.java]]
[parsing completed 1ms]
[loading RegularFileObject[../../sources/threepl/nodes/SyncBlockNode.java]]
[parsing started RegularFileObject[../../sources/threepl/nodes/SyncBlockNode.java]]
[parsing completed 1ms]
[loading RegularFileObject[../../sources/threepl/nodes/WaitPriNode.java]]
[parsing started RegularFileObject[../../sources/threepl/nodes/WaitPriNode.java]]
[parsing completed 1ms]
[loading RegularFileObject[../../sources/threepl/nodes/ReturnNode.java]]
[parsing started RegularFileObject[../../sources/threepl/nodes/ReturnNode.java]]
[parsing completed 0ms]
[loading RegularFileObject[../../sources/threepl/nodes/BreakNode.java]]
[parsing started RegularFileObject[../../sources/threepl/nodes/BreakNode.java]]
[parsing completed 1ms]
[loading RegularFileObject[../../sources/threepl/nodes/ContinNode.java]]
[parsing started RegularFileObject[../../sources/threepl/nodes/ContinNode.java]]
[parsing completed 0ms]
[loading RegularFileObject[../../sources/threepl/nodes/IfNode.java]]
[parsing started RegularFileObject[../../sources/threepl/nodes/IfNode.java]]
[parsing completed 0ms]
[loading RegularFileObject[../../sources/threepl/nodes/WhileNode.java]]
[parsing started RegularFileObject[../../sources/threepl/nodes/WhileNode.java]]
[parsing completed 0ms]
[loading RegularFileObject[../../sources/threepl/nodes/DoWhileNode.java]]
[parsing started RegularFileObject[../../sources/threepl/nodes/DoWhileNode.java]]
[parsing completed 0ms]
[loading RegularFileObject[../../sources/threepl/nodes/ForNode.java]]
[parsing started RegularFileObject[../../sources/threepl/nodes/ForNode.java]]
[parsing completed 0ms]
[loading RegularFileObject[../../sources/threepl/nodes/SwitchNode.java]]
[parsing started RegularFileObject[../../sources/threepl/nodes/SwitchNode.java]]
[parsing completed 0ms]
[loading RegularFileObject[../../sources/threepl/nodes/BranchNode.java]]
[parsing started RegularFileObject[../../sources/threepl/nodes/BranchNode.java]]
[parsing completed 1ms]
[loading RegularFileObject[../../sources/threepl/nodes/PetriNetNode.java]]
[parsing started RegularFileObject[../../sources/threepl/nodes/PetriNetNode.java]]
[parsing completed 1ms]
[loading RegularFileObject[../../sources/threepl/exec/Static.java]]
[parsing started RegularFileObject[../../sources/threepl/exec/Static.java]]
[parsing completed 3ms]
../../sources/threepl/parser/Parser.java:2736: warning: [rawtypes] found raw type: ArrayList
    ArrayList       inits;
    ^
  missing type arguments for generic class ArrayList<E>
  where E is a type-variable:
    E extends Object declared in class ArrayList
../../sources/threepl/parser/Parser.java:2737: warning: [rawtypes] found raw type: ArrayList
    ArrayList       fromlist;
    ^
  missing type arguments for generic class ArrayList<E>
  where E is a type-variable:
    E extends Object declared in class ArrayList
../../sources/threepl/parser/Parser.java:2738: warning: [rawtypes] found raw type: ArrayList
    ArrayList       tolist;
    ^
  missing type arguments for generic class ArrayList<E>
  where E is a type-variable:
    E extends Object declared in class ArrayList
../../sources/threepl/parser/Parser.java:2758: warning: [unchecked] unchecked method invocation: method addInits in class PetriNetNode is applied to given types
                                       pnn.addInits(inits);
                                                   ^
  required: ArrayList<Token>
  found: ArrayList
../../sources/threepl/parser/Parser.java:2758: warning: [unchecked] unchecked conversion
                                       pnn.addInits(inits);
                                                    ^
  required: ArrayList<Token>
  found:    ArrayList
../../sources/threepl/parser/Parser.java:2800: warning: [unchecked] unchecked method invocation: method addTransition in class PetriNetNode is applied to given types
         pnn.addTransition(fromlist, tolist, strict, e, b);
                          ^
  required: ArrayList<Token>,ArrayList<Token>,boolean,Node,Node
  found: ArrayList,ArrayList,boolean,Node,Node
../../sources/threepl/parser/Parser.java:2800: warning: [unchecked] unchecked conversion
         pnn.addTransition(fromlist, tolist, strict, e, b);
                           ^
  required: ArrayList<Token>
  found:    ArrayList
../../sources/threepl/parser/Parser.java:2800: warning: [unchecked] unchecked conversion
         pnn.addTransition(fromlist, tolist, strict, e, b);
                                     ^
  required: ArrayList<Token>
  found:    ArrayList
../../sources/threepl/parser/Parser.java:2820: warning: [rawtypes] found raw type: ArrayList
  static final public ArrayList IdentList() throws ParseException {
                      ^
  missing type arguments for generic class ArrayList<E>
  where E is a type-variable:
    E extends Object declared in class ArrayList
../../sources/threepl/parser/Parser.java:2821: warning: [rawtypes] found raw type: ArrayList
    ArrayList   list = new ArrayList();
    ^
  missing type arguments for generic class ArrayList<E>
  where E is a type-variable:
    E extends Object declared in class ArrayList
../../sources/threepl/parser/Parser.java:2821: warning: [rawtypes] found raw type: ArrayList
    ArrayList   list = new ArrayList();
                           ^
  missing type arguments for generic class ArrayList<E>
  where E is a type-variable:
    E extends Object declared in class ArrayList
../../sources/threepl/parser/Parser.java:2824: warning: [unchecked] unchecked call to add(E) as a member of the raw type ArrayList
                      list.add(t);
                              ^
  where E is a type-variable:
    E extends Object declared in class ArrayList
../../sources/threepl/parser/Parser.java:2837: warning: [unchecked] unchecked call to add(E) as a member of the raw type ArrayList
                               list.add(t);
                                       ^
  where E is a type-variable:
    E extends Object declared in class ArrayList
[loading RegularFileObject[../../sources/threepl/nodes/WhenNode.java]]
[parsing started RegularFileObject[../../sources/threepl/nodes/WhenNode.java]]
[parsing completed 1ms]
[loading RegularFileObject[../../sources/threepl/nodes/TargWhileNode.java]]
[parsing started RegularFileObject[../../sources/threepl/nodes/TargWhileNode.java]]
[parsing completed 1ms]
[loading RegularFileObject[../../sources/threepl/nodes/SyncWhenNode.java]]
[parsing started RegularFileObject[../../sources/threepl/nodes/SyncWhenNode.java]]
[parsing completed 1ms]
[loading RegularFileObject[../../sources/threepl/nodes/TargDoWhileNode.java]]
[parsing started RegularFileObject[../../sources/threepl/nodes/TargDoWhileNode.java]]
[parsing completed 0ms]
[loading RegularFileObject[../../sources/threepl/nodes/AddrNode.java]]
[parsing started RegularFileObject[../../sources/threepl/nodes/AddrNode.java]]
[parsing completed 1ms]
[loading RegularFileObject[../../sources/threepl/nodes/IntNode.java]]
[parsing started RegularFileObject[../../sources/threepl/nodes/IntNode.java]]
[parsing completed 0ms]
[loading RegularFileObject[../../sources/threepl/nodes/FloatNode.java]]
[parsing started RegularFileObject[../../sources/threepl/nodes/FloatNode.java]]
[parsing completed 0ms]
[loading RegularFileObject[../../sources/threepl/nodes/LogNode.java]]
[parsing started RegularFileObject[../../sources/threepl/nodes/LogNode.java]]
[parsing completed 0ms]
[loading RegularFileObject[../../sources/threepl/nodes/GroupRefNode.java]]
[parsing started RegularFileObject[../../sources/threepl/nodes/GroupRefNode.java]]
[parsing completed 0ms]
../../sources/threepl/parser/Parser.java:7058: warning: [static] static method should be qualified by type name, ParserTokenManager, instead of by an expression
    token_source.ReInit(jj_input_stream);
                ^
../../sources/threepl/parser/Parser.java:7087: warning: [static] static method should be qualified by type name, ParserTokenManager, instead of by an expression
    token_source.ReInit(jj_input_stream);
                ^
../../sources/threepl/parser/Parser.java:7125: warning: [static] static method should be qualified by type name, ParserTokenManager, instead of by an expression
    else token = token.next = token_source.getNextToken();
                                          ^
../../sources/threepl/parser/Parser.java:7146: warning: [serial] serializable class LookaheadSuccess has no definition of serialVersionUID
  static private final class LookaheadSuccess extends java.lang.Error { }
                       ^
../../sources/threepl/parser/Parser.java:7152: warning: [static] static method should be qualified by type name, ParserTokenManager, instead of by an expression
        jj_lastpos = jj_scanpos = jj_scanpos.next = token_source.getNextToken();
                                                                ^
../../sources/threepl/parser/Parser.java:7173: warning: [static] static method should be qualified by type name, ParserTokenManager, instead of by an expression
    else token = token.next = token_source.getNextToken();
                                          ^
../../sources/threepl/parser/Parser.java:7184: warning: [static] static method should be qualified by type name, ParserTokenManager, instead of by an expression
      else t = t.next = token_source.getNextToken();
                                    ^
../../sources/threepl/parser/Parser.java:7191: warning: [static] static method should be qualified by type name, ParserTokenManager, instead of by an expression
      return (jj_ntk = (token.next=token_source.getNextToken()).kind);
                                               ^
[wrote RegularFileObject[../../classes/threepl/parser/Parser$LookaheadSuccess.class]]
[wrote RegularFileObject[../../classes/threepl/parser/Parser$JJCalls.class]]
[wrote RegularFileObject[../../classes/threepl/parser/Parser$1.class]]
[wrote RegularFileObject[../../classes/threepl/parser/Parser.class]]
[checking threepl.parser.ParserConstants]
[wrote RegularFileObject[../../classes/threepl/parser/ParserConstants.class]]
[checking threepl.exec.Group]
[loading RegularFileObject[../../sources/threepl/exec/SelectValue.java]]
[parsing started RegularFileObject[../../sources/threepl/exec/SelectValue.java]]
[parsing completed 2ms]
[loading RegularFileObject[../../sources/threepl/exec/Input.java]]
[parsing started RegularFileObject[../../sources/threepl/exec/Input.java]]
[parsing completed 1ms]
[loading RegularFileObject[../../sources/threepl/exec/Output.java]]
[parsing started RegularFileObject[../../sources/threepl/exec/Output.java]]
[parsing completed 1ms]
[loading RegularFileObject[../../sources/threepl/exec/Memory.java]]
[parsing started RegularFileObject[../../sources/threepl/exec/Memory.java]]
[parsing completed 2ms]
[checking threepl.exec.Body]
[wrote RegularFileObject[../../classes/threepl/exec/Group.class]]
[wrote RegularFileObject[../../classes/threepl/exec/Body$1.class]]
[wrote RegularFileObject[../../classes/threepl/exec/Body.class]]
[checking threepl.exec.Module]
[wrote RegularFileObject[../../classes/threepl/exec/Module.class]]
[checking threepl.exec.Procedure]
[wrote RegularFileObject[../../classes/threepl/exec/Procedure.class]]
[checking threepl.exec.Function]
[wrote RegularFileObject[../../classes/threepl/exec/Function.class]]
[checking threepl.mods.InbuiltMods]
[loading RegularFileObject[../../sources/threepl/mods/ResyncMod.java]]
[parsing started RegularFileObject[../../sources/threepl/mods/ResyncMod.java]]
[parsing completed 1ms]
[loading RegularFileObject[../../sources/threepl/mods/DelMod.java]]
[parsing started RegularFileObject[../../sources/threepl/mods/DelMod.java]]
[parsing completed 1ms]
[wrote RegularFileObject[../../classes/threepl/mods/InbuiltMods.class]]
[checking threepl.procs.InbuiltProcs]
[loading RegularFileObject[../../sources/threepl/procs/AddModeAttributeProc.java]]
[parsing started RegularFileObject[../../sources/threepl/procs/AddModeAttributeProc.java]]
[parsing completed 1ms]
[loading RegularFileObject[../../sources/threepl/procs/AppendProc.java]]
[parsing started RegularFileObject[../../sources/threepl/procs/AppendProc.java]]
[parsing completed 0ms]
[loading RegularFileObject[../../sources/threepl/procs/AppendAllProc.java]]
[parsing started RegularFileObject[../../sources/threepl/procs/AppendAllProc.java]]
[parsing completed 0ms]
[loading RegularFileObject[../../sources/threepl/procs/AssertProc.java]]
[parsing started RegularFileObject[../../sources/threepl/procs/AssertProc.java]]
[parsing completed 0ms]
[loading RegularFileObject[../../sources/threepl/procs/ArgAdjustProc.java]]
[parsing started RegularFileObject[../../sources/threepl/procs/ArgAdjustProc.java]]
[parsing completed 1ms]
[loading RegularFileObject[../../sources/threepl/nodes/ArgParams.java]]
[parsing started RegularFileObject[../../sources/threepl/nodes/ArgParams.java]]
[parsing completed 1ms]
[loading RegularFileObject[../../sources/threepl/procs/AttributeProcedureProc.java]]
[parsing started RegularFileObject[../../sources/threepl/procs/AttributeProcedureProc.java]]
[parsing completed 0ms]
[loading RegularFileObject[../../sources/threepl/procs/AttributesProc.java]]
[parsing started RegularFileObject[../../sources/threepl/procs/AttributesProc.java]]
[parsing completed 1ms]
[loading RegularFileObject[../../sources/threepl/procs/ChangeProc.java]]
[parsing started RegularFileObject[../../sources/threepl/procs/ChangeProc.java]]
[parsing completed 0ms]
[loading RegularFileObject[../../sources/threepl/procs/ClassProc.java]]
[parsing started RegularFileObject[../../sources/threepl/procs/ClassProc.java]]
[parsing completed 1ms]
[loading RegularFileObject[../../sources/threepl/procs/ClockProc.java]]
[parsing started RegularFileObject[../../sources/threepl/procs/ClockProc.java]]
[parsing completed 1ms]
[loading RegularFileObject[../../sources/threepl/procs/ClockFromExprProc.java]]
[parsing started RegularFileObject[../../sources/threepl/procs/ClockFromExprProc.java]]
[parsing completed 0ms]
[loading RegularFileObject[../../sources/threepl/procs/CloseProc.java]]
[parsing started RegularFileObject[../../sources/threepl/procs/CloseProc.java]]
[parsing completed 1ms]
[loading RegularFileObject[../../sources/threepl/procs/ConnectProc.java]]
[parsing started RegularFileObject[../../sources/threepl/procs/ConnectProc.java]]
[parsing completed 0ms]
[loading RegularFileObject[../../sources/threepl/procs/CmemoryProc.java]]
[parsing started RegularFileObject[../../sources/threepl/procs/CmemoryProc.java]]
[parsing completed 0ms]
[loading RegularFileObject[../../sources/threepl/procs/CmemoryWriteProc.java]]
[parsing started RegularFileObject[../../sources/threepl/procs/CmemoryWriteProc.java]]
[parsing completed 0ms]
[loading RegularFileObject[../../sources/threepl/procs/DesignNameProc.java]]
[parsing started RegularFileObject[../../sources/threepl/procs/DesignNameProc.java]]
[parsing completed 1ms]
[loading RegularFileObject[../../sources/threepl/procs/DirectiveProc.java]]
[parsing started RegularFileObject[../../sources/threepl/procs/DirectiveProc.java]]
[parsing completed 1ms]
[loading RegularFileObject[../../sources/threepl/procs/DivRemProc.java]]
[parsing started RegularFileObject[../../sources/threepl/procs/DivRemProc.java]]
[parsing completed 0ms]
[loading RegularFileObject[../../sources/threepl/procs/ElementProc.java]]
[parsing started RegularFileObject[../../sources/threepl/procs/ElementProc.java]]
[parsing completed 0ms]
[loading RegularFileObject[../../sources/threepl/procs/ElementClockInputProc.java]]
[parsing started RegularFileObject[../../sources/threepl/procs/ElementClockInputProc.java]]
[parsing completed 0ms]
[loading RegularFileObject[../../sources/threepl/procs/ElementEndProc.java]]
[parsing started RegularFileObject[../../sources/threepl/procs/ElementEndProc.java]]
[parsing completed 0ms]
[loading RegularFileObject[../../sources/threepl/procs/ElementInputProc.java]]
[parsing started RegularFileObject[../../sources/threepl/procs/ElementInputProc.java]]
[parsing completed 1ms]
[loading RegularFileObject[../../sources/threepl/procs/ElementOutputProc.java]]
[parsing started RegularFileObject[../../sources/threepl/procs/ElementOutputProc.java]]
[parsing completed 0ms]
[loading RegularFileObject[../../sources/threepl/procs/ElementPropertyProc.java]]
[parsing started RegularFileObject[../../sources/threepl/procs/ElementPropertyProc.java]]
[parsing completed 1ms]
[loading RegularFileObject[../../sources/threepl/procs/ElementTSOutputProc.java]]
[parsing started RegularFileObject[../../sources/threepl/procs/ElementTSOutputProc.java]]
[parsing completed 0ms]
[loading RegularFileObject[../../sources/threepl/procs/EmptyValueProc.java]]
[parsing started RegularFileObject[../../sources/threepl/procs/EmptyValueProc.java]]
[parsing completed 0ms]
[loading RegularFileObject[../../sources/threepl/procs/EnumProc.java]]
[parsing started RegularFileObject[../../sources/threepl/procs/EnumProc.java]]
[parsing completed 0ms]
[loading RegularFileObject[../../sources/threepl/procs/EnumvProc.java]]
[parsing started RegularFileObject[../../sources/threepl/procs/EnumvProc.java]]
[parsing completed 0ms]
[loading RegularFileObject[../../sources/threepl/procs/ExecProc.java]]
[parsing started RegularFileObject[../../sources/threepl/procs/ExecProc.java]]
[parsing completed 2ms]
[loading ZipFileIndexFileObject[/Library/Java/JavaVirtualMachines/amazon-corretto-8.jdk/Contents/Home/lib/ct.sym(META-INF/sym/rt.jar/java/util/concurrent/TimeUnit.class)]]
[loading RegularFileObject[../../sources/threepl/procs/ExitProc.java]]
[parsing started RegularFileObject[../../sources/threepl/procs/ExitProc.java]]
[parsing completed 0ms]
[loading RegularFileObject[../../sources/threepl/procs/ExportProc.java]]
[parsing started RegularFileObject[../../sources/threepl/procs/ExportProc.java]]
[parsing completed 1ms]
[loading RegularFileObject[../../sources/threepl/procs/ExternalProc.java]]
[parsing started RegularFileObject[../../sources/threepl/procs/ExternalProc.java]]
[parsing completed 1ms]
[loading RegularFileObject[../../sources/threepl/procs/FileProc.java]]
[parsing started RegularFileObject[../../sources/threepl/procs/FileProc.java]]
[parsing completed 0ms]
[loading RegularFileObject[../../sources/threepl/procs/FloatProc.java]]
[parsing started RegularFileObject[../../sources/threepl/procs/FloatProc.java]]
[parsing completed 1ms]
[loading RegularFileObject[../../sources/threepl/procs/FprintfProc.java]]
[parsing started RegularFileObject[../../sources/threepl/procs/FprintfProc.java]]
[parsing completed 0ms]
[loading RegularFileObject[../../sources/threepl/procs/FscanfProc.java]]
[parsing started RegularFileObject[../../sources/threepl/procs/FscanfProc.java]]
[parsing completed 0ms]
[loading RegularFileObject[../../sources/threepl/procs/ImportProc.java]]
[parsing started RegularFileObject[../../sources/threepl/procs/ImportProc.java]]
[parsing completed 1ms]
[loading RegularFileObject[../../sources/threepl/procs/IncludeDirProc.java]]
[parsing started RegularFileObject[../../sources/threepl/procs/IncludeDirProc.java]]
[parsing completed 0ms]
[loading RegularFileObject[../../sources/threepl/procs/InputProc.java]]
[parsing started RegularFileObject[../../sources/threepl/procs/InputProc.java]]
[parsing completed 1ms]
[loading RegularFileObject[../../sources/threepl/procs/IntProc.java]]
[parsing started RegularFileObject[../../sources/threepl/procs/IntProc.java]]
[parsing completed 0ms]
[loading RegularFileObject[../../sources/threepl/procs/LogProc.java]]
[parsing started RegularFileObject[../../sources/threepl/procs/LogProc.java]]
[parsing completed 0ms]
[loading RegularFileObject[../../sources/threepl/procs/ListStacksProc.java]]
[parsing started RegularFileObject[../../sources/threepl/procs/ListStacksProc.java]]
[parsing completed 0ms]
[loading RegularFileObject[../../sources/threepl/procs/NopProc.java]]
[parsing started RegularFileObject[../../sources/threepl/procs/NopProc.java]]
[parsing completed 0ms]
[loading RegularFileObject[../../sources/threepl/procs/NegClockProc.java]]
[parsing started RegularFileObject[../../sources/threepl/procs/NegClockProc.java]]
[parsing completed 0ms]
[loading RegularFileObject[../../sources/threepl/procs/MsgProc.java]]
[parsing started RegularFileObject[../../sources/threepl/procs/MsgProc.java]]
[parsing completed 0ms]
[loading RegularFileObject[../../sources/threepl/procs/OpenProc.java]]
[parsing started RegularFileObject[../../sources/threepl/procs/OpenProc.java]]
[parsing completed 0ms]
[loading RegularFileObject[../../sources/threepl/procs/OutputProc.java]]
[parsing started RegularFileObject[../../sources/threepl/procs/OutputProc.java]]
[parsing completed 1ms]
[loading RegularFileObject[../../sources/threepl/procs/PutProc.java]]
[parsing started RegularFileObject[../../sources/threepl/procs/PutProc.java]]
[parsing completed 0ms]
[loading RegularFileObject[../../sources/threepl/procs/PartProc.java]]
[parsing started RegularFileObject[../../sources/threepl/procs/PartProc.java]]
[parsing completed 1ms]
[loading RegularFileObject[../../sources/threepl/netlist/xilinx/XC2C.java]]
[parsing started RegularFileObject[../../sources/threepl/netlist/xilinx/XC2C.java]]
[parsing completed 1ms]
[loading RegularFileObject[../../sources/threepl/netlist/xilinx/XC2S.java]]
[parsing started RegularFileObject[../../sources/threepl/netlist/xilinx/XC2S.java]]
[parsing completed 0ms]
[loading RegularFileObject[../../sources/threepl/netlist/xilinx/XC2V.java]]
[parsing started RegularFileObject[../../sources/threepl/netlist/xilinx/XC2V.java]]
[parsing completed 1ms]
[loading RegularFileObject[../../sources/threepl/netlist/xilinx/XC2VP.java]]
[parsing started RegularFileObject[../../sources/threepl/netlist/xilinx/XC2VP.java]]
[parsing completed 1ms]
[loading RegularFileObject[../../sources/threepl/netlist/xilinx/XC3S.java]]
[parsing started RegularFileObject[../../sources/threepl/netlist/xilinx/XC3S.java]]
[parsing completed 1ms]
[loading RegularFileObject[../../sources/threepl/netlist/xilinx/XC4V.java]]
[parsing started RegularFileObject[../../sources/threepl/netlist/xilinx/XC4V.java]]
[parsing completed 1ms]
[loading RegularFileObject[../../sources/threepl/netlist/xilinx/XC5V.java]]
[parsing started RegularFileObject[../../sources/threepl/netlist/xilinx/XC5V.java]]
[parsing completed 1ms]
[loading RegularFileObject[../../sources/threepl/netlist/xilinx/XC6S.java]]
[parsing started RegularFileObject[../../sources/threepl/netlist/xilinx/XC6S.java]]
[parsing completed 1ms]
[loading RegularFileObject[../../sources/threepl/netlist/xilinx/XC6V.java]]
[parsing started RegularFileObject[../../sources/threepl/netlist/xilinx/XC6V.java]]
[parsing completed 1ms]
[loading RegularFileObject[../../sources/threepl/netlist/xilinx/XC7.java]]
[parsing started RegularFileObject[../../sources/threepl/netlist/xilinx/XC7.java]]
[parsing completed 0ms]
[loading RegularFileObject[../../sources/threepl/netlist/xilinx/XC95.java]]
[parsing started RegularFileObject[../../sources/threepl/netlist/xilinx/XC95.java]]
[parsing completed 1ms]
[loading RegularFileObject[../../sources/threepl/netlist/xilinx/XCV.java]]
[parsing started RegularFileObject[../../sources/threepl/netlist/xilinx/XCV.java]]
[parsing completed 0ms]
[loading RegularFileObject[../../sources/threepl/procs/PutAllProc.java]]
[parsing started RegularFileObject[../../sources/threepl/procs/PutAllProc.java]]
[parsing completed 0ms]
[loading RegularFileObject[../../sources/threepl/procs/QueueProc.java]]
[parsing started RegularFileObject[../../sources/threepl/procs/QueueProc.java]]
[parsing completed 0ms]
[loading RegularFileObject[../../sources/threepl/procs/PrintfProc.java]]
[parsing started RegularFileObject[../../sources/threepl/procs/PrintfProc.java]]
[parsing completed 0ms]
[loading RegularFileObject[../../sources/threepl/procs/PrintlnProc.java]]
[parsing started RegularFileObject[../../sources/threepl/procs/PrintlnProc.java]]
[parsing completed 1ms]
[loading RegularFileObject[../../sources/threepl/procs/PriorityProc.java]]
[parsing started RegularFileObject[../../sources/threepl/procs/PriorityProc.java]]
[parsing completed 1ms]
[loading RegularFileObject[../../sources/threepl/procs/PriUnlockProc.java]]
[parsing started RegularFileObject[../../sources/threepl/procs/PriUnlockProc.java]]
[parsing completed 0ms]
[loading RegularFileObject[../../sources/threepl/procs/PulseProc.java]]
[parsing started RegularFileObject[../../sources/threepl/procs/PulseProc.java]]
[parsing completed 1ms]
[loading RegularFileObject[../../sources/threepl/procs/RemoveProc.java]]
[parsing started RegularFileObject[../../sources/threepl/procs/RemoveProc.java]]
[parsing completed 1ms]
[loading RegularFileObject[../../sources/threepl/procs/RemoveDirectiveProc.java]]
[parsing started RegularFileObject[../../sources/threepl/procs/RemoveDirectiveProc.java]]
[parsing completed 0ms]
[loading RegularFileObject[../../sources/threepl/procs/RptProc.java]]
[parsing started RegularFileObject[../../sources/threepl/procs/RptProc.java]]
[parsing completed 0ms]
[loading RegularFileObject[../../sources/threepl/procs/ResetProc.java]]
[parsing started RegularFileObject[../../sources/threepl/procs/ResetProc.java]]
[parsing completed 0ms]
[loading RegularFileObject[../../sources/threepl/procs/RmemoryProc.java]]
[parsing started RegularFileObject[../../sources/threepl/procs/RmemoryProc.java]]
[parsing completed 0ms]
[loading RegularFileObject[../../sources/threepl/procs/RmemoryReadProc.java]]
[parsing started RegularFileObject[../../sources/threepl/procs/RmemoryReadProc.java]]
[parsing completed 0ms]
[loading RegularFileObject[../../sources/threepl/procs/RmemoryWriteProc.java]]
[parsing started RegularFileObject[../../sources/threepl/procs/RmemoryWriteProc.java]]
[parsing completed 0ms]
[loading RegularFileObject[../../sources/threepl/procs/ScanfProc.java]]
[parsing started RegularFileObject[../../sources/threepl/procs/ScanfProc.java]]
[parsing completed 0ms]
[loading RegularFileObject[../../sources/threepl/procs/SelectValueProc.java]]
[parsing started RegularFileObject[../../sources/threepl/procs/SelectValueProc.java]]
[parsing completed 1ms]
[loading RegularFileObject[../../sources/threepl/procs/SetDirectiveProc.java]]
[parsing started RegularFileObject[../../sources/threepl/procs/SetDirectiveProc.java]]
[parsing completed 0ms]
[loading RegularFileObject[../../sources/threepl/procs/ShellProc.java]]
[parsing started RegularFileObject[../../sources/threepl/procs/ShellProc.java]]
[parsing completed 1ms]
[loading RegularFileObject[../../sources/threepl/procs/SpecialProc.java]]
[parsing started RegularFileObject[../../sources/threepl/procs/SpecialProc.java]]
[parsing completed 0ms]
[loading RegularFileObject[../../sources/threepl/procs/SprintfProc.java]]
[parsing started RegularFileObject[../../sources/threepl/procs/SprintfProc.java]]
[parsing completed 0ms]
[loading RegularFileObject[../../sources/threepl/procs/SscanfProc.java]]
[parsing started RegularFileObject[../../sources/threepl/procs/SscanfProc.java]]
[parsing completed 6ms]
[loading RegularFileObject[../../sources/threepl/procs/StartProc.java]]
[parsing started RegularFileObject[../../sources/threepl/procs/StartProc.java]]
[parsing completed 0ms]
[loading RegularFileObject[../../sources/threepl/procs/StateMachineProc.java]]
[parsing started RegularFileObject[../../sources/threepl/procs/StateMachineProc.java]]
[parsing completed 1ms]
[loading RegularFileObject[../../sources/threepl/procs/StaticProc.java]]
[parsing started RegularFileObject[../../sources/threepl/procs/StaticProc.java]]
[parsing completed 1ms]
[loading RegularFileObject[../../sources/threepl/procs/StopProc.java]]
[parsing started RegularFileObject[../../sources/threepl/procs/StopProc.java]]
[parsing completed 0ms]
[loading RegularFileObject[../../sources/threepl/procs/StrProc.java]]
[parsing started RegularFileObject[../../sources/threepl/procs/StrProc.java]]
[parsing completed 0ms]
[loading RegularFileObject[../../sources/threepl/procs/StructProc.java]]
[parsing started RegularFileObject[../../sources/threepl/procs/StructProc.java]]
[parsing completed 0ms]
[loading RegularFileObject[../../sources/threepl/procs/TraceProc.java]]
[parsing started RegularFileObject[../../sources/threepl/procs/TraceProc.java]]
[parsing completed 0ms]
[loading RegularFileObject[../../sources/threepl/procs/TypeProc.java]]
[parsing started RegularFileObject[../../sources/threepl/procs/TypeProc.java]]
[parsing completed 0ms]
[loading RegularFileObject[../../sources/threepl/procs/TexitProc.java]]
[parsing started RegularFileObject[../../sources/threepl/procs/TexitProc.java]]
[parsing completed 0ms]
[loading RegularFileObject[../../sources/threepl/procs/UseClockProc.java]]
[parsing started RegularFileObject[../../sources/threepl/procs/UseClockProc.java]]
[parsing completed 0ms]
[loading RegularFileObject[../../sources/threepl/procs/ValueProc.java]]
[parsing started RegularFileObject[../../sources/threepl/procs/ValueProc.java]]
[parsing completed 0ms]
[loading RegularFileObject[../../sources/threepl/procs/VarProc.java]]
[parsing started RegularFileObject[../../sources/threepl/procs/VarProc.java]]
[parsing completed 0ms]
[loading RegularFileObject[../../sources/threepl/procs/WriteLnProc.java]]
[parsing started RegularFileObject[../../sources/threepl/procs/WriteLnProc.java]]
[parsing completed 0ms]
[wrote RegularFileObject[../../classes/threepl/procs/InbuiltProcs.class]]
[checking threepl.funcs.InbuiltFuncs]
[loading RegularFileObject[../../sources/threepl/funcs/AbsFunc.java]]
[parsing started RegularFileObject[../../sources/threepl/funcs/AbsFunc.java]]
[parsing completed 0ms]
[loading RegularFileObject[../../sources/threepl/funcs/AcceptFunc.java]]
[parsing started RegularFileObject[../../sources/threepl/funcs/AcceptFunc.java]]
[parsing completed 1ms]
[loading RegularFileObject[../../sources/threepl/funcs/AcosFunc.java]]
[parsing started RegularFileObject[../../sources/threepl/funcs/AcosFunc.java]]
[parsing completed 0ms]
[loading RegularFileObject[../../sources/threepl/funcs/AddSubFunc.java]]
[parsing started RegularFileObject[../../sources/threepl/funcs/AddSubFunc.java]]
[parsing completed 0ms]
[loading RegularFileObject[../../sources/threepl/funcs/ArgListFunc.java]]
[parsing started RegularFileObject[../../sources/threepl/funcs/ArgListFunc.java]]
[parsing completed 0ms]
[loading RegularFileObject[../../sources/threepl/funcs/ArrayToStrFunc.java]]
[parsing started RegularFileObject[../../sources/threepl/funcs/ArrayToStrFunc.java]]
[parsing completed 1ms]
[loading RegularFileObject[../../sources/threepl/funcs/ArrayTypeFunc.java]]
[parsing started RegularFileObject[../../sources/threepl/funcs/ArrayTypeFunc.java]]
[parsing completed 0ms]
[loading RegularFileObject[../../sources/threepl/funcs/AsinFunc.java]]
[parsing started RegularFileObject[../../sources/threepl/funcs/AsinFunc.java]]
[parsing completed 1ms]
[loading RegularFileObject[../../sources/threepl/funcs/AtanFunc.java]]
[parsing started RegularFileObject[../../sources/threepl/funcs/AtanFunc.java]]
[parsing completed 0ms]
[loading RegularFileObject[../../sources/threepl/funcs/Atan2Func.java]]
[parsing started RegularFileObject[../../sources/threepl/funcs/Atan2Func.java]]
[parsing completed 0ms]
[loading RegularFileObject[../../sources/threepl/funcs/AttributeFunc.java]]
[parsing started RegularFileObject[../../sources/threepl/funcs/AttributeFunc.java]]
[parsing completed 1ms]
[loading RegularFileObject[../../sources/threepl/funcs/AttributesFunc.java]]
[parsing started RegularFileObject[../../sources/threepl/funcs/AttributesFunc.java]]
[parsing completed 1ms]
[loading RegularFileObject[../../sources/threepl/funcs/BiasedExponentFunc.java]]
[parsing started RegularFileObject[../../sources/threepl/funcs/BiasedExponentFunc.java]]
[parsing completed 1ms]
[loading RegularFileObject[../../sources/threepl/funcs/BiasedExponentWidthFunc.java]]
[parsing started RegularFileObject[../../sources/threepl/funcs/BiasedExponentWidthFunc.java]]
[parsing completed 0ms]
[loading RegularFileObject[../../sources/threepl/funcs/BitsForFunc.java]]
[parsing started RegularFileObject[../../sources/threepl/funcs/BitsForFunc.java]]
[parsing completed 0ms]
[loading RegularFileObject[../../sources/threepl/funcs/CastFunc.java]]
[parsing started RegularFileObject[../../sources/threepl/funcs/CastFunc.java]]
[parsing completed 0ms]
[loading RegularFileObject[../../sources/threepl/funcs/CeilFunc.java]]
[parsing started RegularFileObject[../../sources/threepl/funcs/CeilFunc.java]]
[parsing completed 0ms]
[loading RegularFileObject[../../sources/threepl/funcs/CmemoryReadFunc.java]]
[parsing started RegularFileObject[../../sources/threepl/funcs/CmemoryReadFunc.java]]
[parsing completed 0ms]
[loading RegularFileObject[../../sources/threepl/funcs/ComponentPointerFunc.java]]
[parsing started RegularFileObject[../../sources/threepl/funcs/ComponentPointerFunc.java]]
[parsing completed 0ms]
[loading RegularFileObject[../../sources/threepl/funcs/ComponentTypeFunc.java]]
[parsing started RegularFileObject[../../sources/threepl/funcs/ComponentTypeFunc.java]]
[parsing completed 0ms]
[loading RegularFileObject[../../sources/threepl/funcs/CosFunc.java]]
[parsing started RegularFileObject[../../sources/threepl/funcs/CosFunc.java]]
[parsing completed 0ms]
[loading RegularFileObject[../../sources/threepl/funcs/CopyFunc.java]]
[parsing started RegularFileObject[../../sources/threepl/funcs/CopyFunc.java]]
[parsing completed 0ms]
[loading RegularFileObject[../../sources/threepl/funcs/CSpanFunc.java]]
[parsing started RegularFileObject[../../sources/threepl/funcs/CSpanFunc.java]]
[parsing completed 0ms]
[loading RegularFileObject[../../sources/threepl/funcs/CurrentClockFunc.java]]
[parsing started RegularFileObject[../../sources/threepl/funcs/CurrentClockFunc.java]]
[parsing completed 0ms]
[loading RegularFileObject[../../sources/threepl/funcs/CurrentElementFunc.java]]
[parsing started RegularFileObject[../../sources/threepl/funcs/CurrentElementFunc.java]]
[parsing completed 0ms]
[loading RegularFileObject[../../sources/threepl/funcs/DimensionFunc.java]]
[parsing started RegularFileObject[../../sources/threepl/funcs/DimensionFunc.java]]
[parsing completed 0ms]
[loading RegularFileObject[../../sources/threepl/funcs/DeflateFunc.java]]
[parsing started RegularFileObject[../../sources/threepl/funcs/DeflateFunc.java]]
[parsing completed 0ms]
[loading ZipFileIndexFileObject[/Library/Java/JavaVirtualMachines/amazon-corretto-8.jdk/Contents/Home/lib/ct.sym(META-INF/sym/rt.jar/java/util/zip/CRC32.class)]]
[loading ZipFileIndexFileObject[/Library/Java/JavaVirtualMachines/amazon-corretto-8.jdk/Contents/Home/lib/ct.sym(META-INF/sym/rt.jar/java/util/zip/Deflater.class)]]
[loading RegularFileObject[../../sources/threepl/funcs/DimensionsFunc.java]]
[parsing started RegularFileObject[../../sources/threepl/funcs/DimensionsFunc.java]]
[parsing completed 1ms]
[loading RegularFileObject[../../sources/threepl/funcs/DirectiveFunc.java]]
[parsing started RegularFileObject[../../sources/threepl/funcs/DirectiveFunc.java]]
[parsing completed 0ms]
[loading RegularFileObject[../../sources/threepl/funcs/DirectivesFunc.java]]
[parsing started RegularFileObject[../../sources/threepl/funcs/DirectivesFunc.java]]
[parsing completed 1ms]
[loading RegularFileObject[../../sources/threepl/funcs/DirExistsFunc.java]]
[parsing started RegularFileObject[../../sources/threepl/funcs/DirExistsFunc.java]]
[parsing completed 0ms]
[loading RegularFileObject[../../sources/threepl/funcs/DomainFunc.java]]
[parsing started RegularFileObject[../../sources/threepl/funcs/DomainFunc.java]]
[parsing completed 0ms]
[loading RegularFileObject[../../sources/threepl/funcs/DutyCycleFunc.java]]
[parsing started RegularFileObject[../../sources/threepl/funcs/DutyCycleFunc.java]]
[parsing completed 1ms]
[loading RegularFileObject[../../sources/threepl/funcs/ElapsedTimeFunc.java]]
[parsing started RegularFileObject[../../sources/threepl/funcs/ElapsedTimeFunc.java]]
[parsing completed 0ms]
[loading RegularFileObject[../../sources/threepl/funcs/EndsWithFunc.java]]
[parsing started RegularFileObject[../../sources/threepl/funcs/EndsWithFunc.java]]
[parsing completed 0ms]
[loading RegularFileObject[../../sources/threepl/funcs/EntriesFunc.java]]
[parsing started RegularFileObject[../../sources/threepl/funcs/EntriesFunc.java]]
[parsing completed 0ms]
[loading RegularFileObject[../../sources/threepl/funcs/EnvFunc.java]]
[parsing started RegularFileObject[../../sources/threepl/funcs/EnvFunc.java]]
[parsing completed 0ms]
[loading RegularFileObject[../../sources/threepl/funcs/ExistsFunc.java]]
[parsing started RegularFileObject[../../sources/threepl/funcs/ExistsFunc.java]]
[parsing completed 0ms]
[loading RegularFileObject[../../sources/threepl/funcs/ExpFunc.java]]
[parsing started RegularFileObject[../../sources/threepl/funcs/ExpFunc.java]]
[parsing completed 0ms]
[loading RegularFileObject[../../sources/threepl/funcs/FindFunc.java]]
[parsing started RegularFileObject[../../sources/threepl/funcs/FindFunc.java]]
[parsing completed 0ms]
[loading ZipFileIndexFileObject[/Library/Java/JavaVirtualMachines/amazon-corretto-8.jdk/Contents/Home/lib/ct.sym(META-INF/sym/rt.jar/java/util/regex/PatternSyntaxException.class)]]
[loading RegularFileObject[../../sources/threepl/funcs/FirstFunc.java]]
[parsing started RegularFileObject[../../sources/threepl/funcs/FirstFunc.java]]
[parsing completed 0ms]
[loading RegularFileObject[../../sources/threepl/funcs/FloatIsNegativeFunc.java]]
[parsing started RegularFileObject[../../sources/threepl/funcs/FloatIsNegativeFunc.java]]
[parsing completed 0ms]
[loading RegularFileObject[../../sources/threepl/funcs/FloorFunc.java]]
[parsing started RegularFileObject[../../sources/threepl/funcs/FloorFunc.java]]
[parsing completed 0ms]
[loading RegularFileObject[../../sources/threepl/funcs/FormatFunc.java]]
[parsing started RegularFileObject[../../sources/threepl/funcs/FormatFunc.java]]
[parsing completed 0ms]
[loading RegularFileObject[../../sources/threepl/funcs/FrequencyFunc.java]]
[parsing started RegularFileObject[../../sources/threepl/funcs/FrequencyFunc.java]]
[parsing completed 0ms]
[loading RegularFileObject[../../sources/threepl/funcs/GetFunc.java]]
[parsing started RegularFileObject[../../sources/threepl/funcs/GetFunc.java]]
[parsing completed 0ms]
[loading RegularFileObject[../../sources/threepl/funcs/GetFieldFunc.java]]
[parsing started RegularFileObject[../../sources/threepl/funcs/GetFieldFunc.java]]
[parsing completed 0ms]
[loading RegularFileObject[../../sources/threepl/funcs/HasFieldFunc.java]]
[parsing started RegularFileObject[../../sources/threepl/funcs/HasFieldFunc.java]]
[parsing completed 0ms]
[loading RegularFileObject[../../sources/threepl/funcs/HasNextFunc.java]]
[parsing started RegularFileObject[../../sources/threepl/funcs/HasNextFunc.java]]
[parsing completed 0ms]
[loading RegularFileObject[../../sources/threepl/funcs/HasQueueReadsFunc.java]]
[parsing started RegularFileObject[../../sources/threepl/funcs/HasQueueReadsFunc.java]]
[parsing completed 0ms]
[loading RegularFileObject[../../sources/threepl/funcs/HasPrevFunc.java]]
[parsing started RegularFileObject[../../sources/threepl/funcs/HasPrevFunc.java]]
[parsing completed 0ms]
[loading RegularFileObject[../../sources/threepl/funcs/HeadFunc.java]]
[parsing started RegularFileObject[../../sources/threepl/funcs/HeadFunc.java]]
[parsing completed 0ms]
[loading RegularFileObject[../../sources/threepl/funcs/IdentifierFunc.java]]
[parsing started RegularFileObject[../../sources/threepl/funcs/IdentifierFunc.java]]
[parsing completed 1ms]
[loading RegularFileObject[../../sources/threepl/funcs/ImToTargTypeFunc.java]]
[parsing started RegularFileObject[../../sources/threepl/funcs/ImToTargTypeFunc.java]]
[parsing completed 0ms]
[loading RegularFileObject[../../sources/threepl/funcs/IncludeDirsFunc.java]]
[parsing started RegularFileObject[../../sources/threepl/funcs/IncludeDirsFunc.java]]
[parsing completed 1ms]
[loading RegularFileObject[../../sources/threepl/funcs/IntToBinStringFunc.java]]
[parsing started RegularFileObject[../../sources/threepl/funcs/IntToBinStringFunc.java]]
[parsing completed 0ms]
[loading RegularFileObject[../../sources/threepl/funcs/IntToHexStringFunc.java]]
[parsing started RegularFileObject[../../sources/threepl/funcs/IntToHexStringFunc.java]]
[parsing completed 0ms]
[loading RegularFileObject[../../sources/threepl/funcs/IsNullFunc.java]]
[parsing started RegularFileObject[../../sources/threepl/funcs/IsNullFunc.java]]
[parsing completed 0ms]
[loading RegularFileObject[../../sources/threepl/funcs/IsEmptyFunc.java]]
[parsing started RegularFileObject[../../sources/threepl/funcs/IsEmptyFunc.java]]
[parsing completed 0ms]
[loading RegularFileObject[../../sources/threepl/funcs/IsReadFunc.java]]
[parsing started RegularFileObject[../../sources/threepl/funcs/IsReadFunc.java]]
[parsing completed 0ms]
[loading RegularFileObject[../../sources/threepl/funcs/IsSignedFunc.java]]
[parsing started RegularFileObject[../../sources/threepl/funcs/IsSignedFunc.java]]
[parsing completed 0ms]
[loading RegularFileObject[../../sources/threepl/funcs/IsStructFunc.java]]
[parsing started RegularFileObject[../../sources/threepl/funcs/IsStructFunc.java]]
[parsing completed 0ms]
[loading RegularFileObject[../../sources/threepl/funcs/IsTargConstFunc.java]]
[parsing started RegularFileObject[../../sources/threepl/funcs/IsTargConstFunc.java]]
[parsing completed 0ms]
[loading RegularFileObject[../../sources/threepl/funcs/IsWrittenFunc.java]]
[parsing started RegularFileObject[../../sources/threepl/funcs/IsWrittenFunc.java]]
[parsing completed 0ms]
[loading RegularFileObject[../../sources/threepl/funcs/LastFunc.java]]
[parsing started RegularFileObject[../../sources/threepl/funcs/LastFunc.java]]
[parsing completed 0ms]
[loading RegularFileObject[../../sources/threepl/funcs/ListAttributesFunc.java]]
[parsing started RegularFileObject[../../sources/threepl/funcs/ListAttributesFunc.java]]
[parsing completed 1ms]
[loading RegularFileObject[../../sources/threepl/funcs/ListVarsFunc.java]]
[parsing started RegularFileObject[../../sources/threepl/funcs/ListVarsFunc.java]]
[parsing completed 0ms]
[loading RegularFileObject[../../sources/threepl/funcs/LocationFunc.java]]
[parsing started RegularFileObject[../../sources/threepl/funcs/LocationFunc.java]]
[parsing completed 0ms]
[loading RegularFileObject[../../sources/threepl/funcs/LogFunc.java]]
[parsing started RegularFileObject[../../sources/threepl/funcs/LogFunc.java]]
[parsing completed 1ms]
[loading RegularFileObject[../../sources/threepl/funcs/MantissaFunc.java]]
[parsing started RegularFileObject[../../sources/threepl/funcs/MantissaFunc.java]]
[parsing completed 0ms]
[loading RegularFileObject[../../sources/threepl/funcs/MantissaWidthFunc.java]]
[parsing started RegularFileObject[../../sources/threepl/funcs/MantissaWidthFunc.java]]
[parsing completed 1ms]
[loading RegularFileObject[../../sources/threepl/funcs/MatchedFunc.java]]
[parsing started RegularFileObject[../../sources/threepl/funcs/MatchedFunc.java]]
[parsing completed 0ms]
[loading RegularFileObject[../../sources/threepl/funcs/MatchFunc.java]]
[parsing started RegularFileObject[../../sources/threepl/funcs/MatchFunc.java]]
[parsing completed 1ms]
[loading RegularFileObject[../../sources/threepl/funcs/MaxFunc.java]]
[parsing started RegularFileObject[../../sources/threepl/funcs/MaxFunc.java]]
[parsing completed 0ms]
[loading RegularFileObject[../../sources/threepl/funcs/MaxValueFunc.java]]
[parsing started RegularFileObject[../../sources/threepl/funcs/MaxValueFunc.java]]
[parsing completed 0ms]
[loading RegularFileObject[../../sources/threepl/funcs/MemoryAddressTypeFunc.java]]
[parsing started RegularFileObject[../../sources/threepl/funcs/MemoryAddressTypeFunc.java]]
[parsing completed 0ms]
[loading RegularFileObject[../../sources/threepl/funcs/MemoryDataTypeFunc.java]]
[parsing started RegularFileObject[../../sources/threepl/funcs/MemoryDataTypeFunc.java]]
[parsing completed 1ms]
[loading RegularFileObject[../../sources/threepl/funcs/MinFunc.java]]
[parsing started RegularFileObject[../../sources/threepl/funcs/MinFunc.java]]
[parsing completed 0ms]
[loading RegularFileObject[../../sources/threepl/funcs/MinValueFunc.java]]
[parsing started RegularFileObject[../../sources/threepl/funcs/MinValueFunc.java]]
[parsing completed 0ms]
[loading RegularFileObject[../../sources/threepl/funcs/ModFunc.java]]
[parsing started RegularFileObject[../../sources/threepl/funcs/ModFunc.java]]
[parsing completed 0ms]
[loading RegularFileObject[../../sources/threepl/funcs/ModeFunc.java]]
[parsing started RegularFileObject[../../sources/threepl/funcs/ModeFunc.java]]
[parsing completed 0ms]
[loading RegularFileObject[../../sources/threepl/funcs/NextFunc.java]]
[parsing started RegularFileObject[../../sources/threepl/funcs/NextFunc.java]]
[parsing completed 0ms]
[loading RegularFileObject[../../sources/threepl/funcs/NullArgFunc.java]]
[parsing started RegularFileObject[../../sources/threepl/funcs/NullArgFunc.java]]
[parsing completed 0ms]
[loading RegularFileObject[../../sources/threepl/funcs/NumFieldsFunc.java]]
[parsing started RegularFileObject[../../sources/threepl/funcs/NumFieldsFunc.java]]
[parsing completed 0ms]
[loading RegularFileObject[../../sources/threepl/funcs/NumInArgsFunc.java]]
[parsing started RegularFileObject[../../sources/threepl/funcs/NumInArgsFunc.java]]
[parsing completed 0ms]
[loading RegularFileObject[../../sources/threepl/funcs/NumOutArgsFunc.java]]
[parsing started RegularFileObject[../../sources/threepl/funcs/NumOutArgsFunc.java]]
[parsing completed 0ms]
[loading RegularFileObject[../../sources/threepl/funcs/NumWordsFunc.java]]
[parsing started RegularFileObject[../../sources/threepl/funcs/NumWordsFunc.java]]
[parsing completed 0ms]
[loading RegularFileObject[../../sources/threepl/funcs/OffsetFunc.java]]
[parsing started RegularFileObject[../../sources/threepl/funcs/OffsetFunc.java]]
[parsing completed 0ms]
[loading RegularFileObject[../../sources/threepl/funcs/OrdFunc.java]]
[parsing started RegularFileObject[../../sources/threepl/funcs/OrdFunc.java]]
[parsing completed 1ms]
[loading RegularFileObject[../../sources/threepl/funcs/PeriodFunc.java]]
[parsing started RegularFileObject[../../sources/threepl/funcs/PeriodFunc.java]]
[parsing completed 0ms]
[loading RegularFileObject[../../sources/threepl/funcs/PowFunc.java]]
[parsing started RegularFileObject[../../sources/threepl/funcs/PowFunc.java]]
[parsing completed 0ms]
[loading RegularFileObject[../../sources/threepl/funcs/PortDomainFunc.java]]
[parsing started RegularFileObject[../../sources/threepl/funcs/PortDomainFunc.java]]
[parsing completed 0ms]
[loading RegularFileObject[../../sources/threepl/funcs/PrevFunc.java]]
[parsing started RegularFileObject[../../sources/threepl/funcs/PrevFunc.java]]
[parsing completed 1ms]
[loading RegularFileObject[../../sources/threepl/funcs/PrevClockFunc.java]]
[parsing started RegularFileObject[../../sources/threepl/funcs/PrevClockFunc.java]]
[parsing completed 0ms]
[loading RegularFileObject[../../sources/threepl/funcs/PriElseFunc.java]]
[parsing started RegularFileObject[../../sources/threepl/funcs/PriElseFunc.java]]
[parsing completed 0ms]
[loading RegularFileObject[../../sources/threepl/funcs/PrimTypeStringFunc.java]]
[parsing started RegularFileObject[../../sources/threepl/funcs/PrimTypeStringFunc.java]]
[parsing completed 0ms]
[loading RegularFileObject[../../sources/threepl/funcs/QueueDepthFunc.java]]
[parsing started RegularFileObject[../../sources/threepl/funcs/QueueDepthFunc.java]]
[parsing completed 1ms]
[loading RegularFileObject[../../sources/threepl/funcs/QueueIsEmptyFunc.java]]
[parsing started RegularFileObject[../../sources/threepl/funcs/QueueIsEmptyFunc.java]]
[parsing completed 0ms]
[loading RegularFileObject[../../sources/threepl/funcs/QueueMaxDepthFunc.java]]
[parsing started RegularFileObject[../../sources/threepl/funcs/QueueMaxDepthFunc.java]]
[parsing completed 0ms]
[loading RegularFileObject[../../sources/threepl/funcs/QueueMinDepthFunc.java]]
[parsing started RegularFileObject[../../sources/threepl/funcs/QueueMinDepthFunc.java]]
[parsing completed 0ms]
[loading RegularFileObject[../../sources/threepl/funcs/QueueReadStatusFunc.java]]
[parsing started RegularFileObject[../../sources/threepl/funcs/QueueReadStatusFunc.java]]
[parsing completed 0ms]
[loading RegularFileObject[../../sources/threepl/funcs/QueueSpacesFunc.java]]
[parsing started RegularFileObject[../../sources/threepl/funcs/QueueSpacesFunc.java]]
[parsing completed 0ms]
[loading RegularFileObject[../../sources/threepl/funcs/QueueWordsFunc.java]]
[parsing started RegularFileObject[../../sources/threepl/funcs/QueueWordsFunc.java]]
[parsing completed 0ms]
[loading RegularFileObject[../../sources/threepl/funcs/QueueWriteStatusFunc.java]]
[parsing started RegularFileObject[../../sources/threepl/funcs/QueueWriteStatusFunc.java]]
[parsing completed 0ms]
[loading RegularFileObject[../../sources/threepl/funcs/RandomFunc.java]]
[parsing started RegularFileObject[../../sources/threepl/funcs/RandomFunc.java]]
[parsing completed 0ms]
[loading RegularFileObject[../../sources/threepl/funcs/ReadDomainFunc.java]]
[parsing started RegularFileObject[../../sources/threepl/funcs/ReadDomainFunc.java]]
[parsing completed 1ms]
[loading RegularFileObject[../../sources/threepl/funcs/ReplaceFunc.java]]
[parsing started RegularFileObject[../../sources/threepl/funcs/ReplaceFunc.java]]
[parsing completed 0ms]
[loading RegularFileObject[../../sources/threepl/funcs/ReplaceAllFunc.java]]
[parsing started RegularFileObject[../../sources/threepl/funcs/ReplaceAllFunc.java]]
[parsing completed 0ms]
[loading RegularFileObject[../../sources/threepl/funcs/ResetOutputFunc.java]]
[parsing started RegularFileObject[../../sources/threepl/funcs/ResetOutputFunc.java]]
[parsing completed 0ms]
[loading RegularFileObject[../../sources/threepl/funcs/RoundFunc.java]]
[parsing started RegularFileObject[../../sources/threepl/funcs/RoundFunc.java]]
[parsing completed 0ms]
[loading RegularFileObject[../../sources/threepl/funcs/RmemoryOutFunc.java]]
[parsing started RegularFileObject[../../sources/threepl/funcs/RmemoryOutFunc.java]]
[parsing completed 0ms]
[loading RegularFileObject[../../sources/threepl/funcs/SampleFunc.java]]
[parsing started RegularFileObject[../../sources/threepl/funcs/SampleFunc.java]]
[parsing completed 1ms]
[loading RegularFileObject[../../sources/threepl/funcs/SelectAFunc.java]]
[parsing started RegularFileObject[../../sources/threepl/funcs/SelectAFunc.java]]
[parsing completed 1ms]
[loading RegularFileObject[../../sources/threepl/funcs/SignumFunc.java]]
[parsing started RegularFileObject[../../sources/threepl/funcs/SignumFunc.java]]
[parsing completed 1ms]
[loading RegularFileObject[../../sources/threepl/funcs/SinFunc.java]]
[parsing started RegularFileObject[../../sources/threepl/funcs/SinFunc.java]]
[parsing completed 0ms]
[loading RegularFileObject[../../sources/threepl/funcs/SizeFunc.java]]
[parsing started RegularFileObject[../../sources/threepl/funcs/SizeFunc.java]]
[parsing completed 0ms]
[loading RegularFileObject[../../sources/threepl/funcs/SpanFunc.java]]
[parsing started RegularFileObject[../../sources/threepl/funcs/SpanFunc.java]]
[parsing completed 1ms]
[loading RegularFileObject[../../sources/threepl/funcs/SplitFunc.java]]
[parsing started RegularFileObject[../../sources/threepl/funcs/SplitFunc.java]]
[parsing completed 1ms]
[loading RegularFileObject[../../sources/threepl/funcs/SqrtFunc.java]]
[parsing started RegularFileObject[../../sources/threepl/funcs/SqrtFunc.java]]
[parsing completed 1ms]
[loading RegularFileObject[../../sources/threepl/funcs/StackTraceFunc.java]]
[parsing started RegularFileObject[../../sources/threepl/funcs/StackTraceFunc.java]]
[parsing completed 0ms]
[loading RegularFileObject[../../sources/threepl/funcs/StartsWithFunc.java]]
[parsing started RegularFileObject[../../sources/threepl/funcs/StartsWithFunc.java]]
[parsing completed 0ms]
[loading RegularFileObject[../../sources/threepl/funcs/StrToArrayFunc.java]]
[parsing started RegularFileObject[../../sources/threepl/funcs/StrToArrayFunc.java]]
[parsing completed 0ms]
[loading RegularFileObject[../../sources/threepl/funcs/StrToIntFunc.java]]
[parsing started RegularFileObject[../../sources/threepl/funcs/StrToIntFunc.java]]
[parsing completed 0ms]
[loading RegularFileObject[../../sources/threepl/funcs/StrToFloatFunc.java]]
[parsing started RegularFileObject[../../sources/threepl/funcs/StrToFloatFunc.java]]
[parsing completed 0ms]
[loading RegularFileObject[../../sources/threepl/funcs/StrToTypeFunc.java]]
[parsing started RegularFileObject[../../sources/threepl/funcs/StrToTypeFunc.java]]
[parsing completed 0ms]
[loading RegularFileObject[../../sources/threepl/funcs/StrLenFunc.java]]
[parsing started RegularFileObject[../../sources/threepl/funcs/StrLenFunc.java]]
[parsing completed 0ms]
[loading RegularFileObject[../../sources/threepl/funcs/StrPosFunc.java]]
[parsing started RegularFileObject[../../sources/threepl/funcs/StrPosFunc.java]]
[parsing completed 0ms]
[loading RegularFileObject[../../sources/threepl/funcs/StrrPosFunc.java]]
[parsing started RegularFileObject[../../sources/threepl/funcs/StrrPosFunc.java]]
[parsing completed 1ms]
[loading RegularFileObject[../../sources/threepl/funcs/SubstituteFunc.java]]
[parsing started RegularFileObject[../../sources/threepl/funcs/SubstituteFunc.java]]
[parsing completed 1ms]
[loading RegularFileObject[../../sources/threepl/funcs/SubstringFunc.java]]
[parsing started RegularFileObject[../../sources/threepl/funcs/SubstringFunc.java]]
[parsing completed 0ms]
[loading RegularFileObject[../../sources/threepl/funcs/TailFunc.java]]
[parsing started RegularFileObject[../../sources/threepl/funcs/TailFunc.java]]
[parsing completed 0ms]
[loading RegularFileObject[../../sources/threepl/funcs/TanFunc.java]]
[parsing started RegularFileObject[../../sources/threepl/funcs/TanFunc.java]]
[parsing completed 0ms]
[loading RegularFileObject[../../sources/threepl/funcs/TargConstToImmedFunc.java]]
[parsing started RegularFileObject[../../sources/threepl/funcs/TargConstToImmedFunc.java]]
[parsing completed 0ms]
[loading RegularFileObject[../../sources/threepl/funcs/TargToImTypeFunc.java]]
[parsing started RegularFileObject[../../sources/threepl/funcs/TargToImTypeFunc.java]]
[parsing completed 1ms]
[loading RegularFileObject[../../sources/threepl/funcs/TimeFunc.java]]
[parsing started RegularFileObject[../../sources/threepl/funcs/TimeFunc.java]]
[parsing completed 0ms]
[loading RegularFileObject[../../sources/threepl/funcs/TimeStringFunc.java]]
[parsing started RegularFileObject[../../sources/threepl/funcs/TimeStringFunc.java]]
[parsing completed 0ms]
[loading RegularFileObject[../../sources/threepl/funcs/ToArrayFunc.java]]
[parsing started RegularFileObject[../../sources/threepl/funcs/ToArrayFunc.java]]
[parsing completed 0ms]
[loading RegularFileObject[../../sources/threepl/funcs/ToDegreeFunc.java]]
[parsing started RegularFileObject[../../sources/threepl/funcs/ToDegreeFunc.java]]
[parsing completed 0ms]
[loading RegularFileObject[../../sources/threepl/funcs/ToLowerFunc.java]]
[parsing started RegularFileObject[../../sources/threepl/funcs/ToLowerFunc.java]]
[parsing completed 0ms]
[loading RegularFileObject[../../sources/threepl/funcs/ToRadianFunc.java]]
[parsing started RegularFileObject[../../sources/threepl/funcs/ToRadianFunc.java]]
[parsing completed 0ms]
[loading RegularFileObject[../../sources/threepl/funcs/ToStringFunc.java]]
[parsing started RegularFileObject[../../sources/threepl/funcs/ToStringFunc.java]]
[parsing completed 0ms]
[loading RegularFileObject[../../sources/threepl/funcs/ToUpperFunc.java]]
[parsing started RegularFileObject[../../sources/threepl/funcs/ToUpperFunc.java]]
[parsing completed 0ms]
[loading RegularFileObject[../../sources/threepl/funcs/TruncFunc.java]]
[parsing started RegularFileObject[../../sources/threepl/funcs/TruncFunc.java]]
[parsing completed 1ms]
[loading RegularFileObject[../../sources/threepl/funcs/TypeFunc.java]]
[parsing started RegularFileObject[../../sources/threepl/funcs/TypeFunc.java]]
[parsing completed 1ms]
[loading RegularFileObject[../../sources/threepl/funcs/TypeStringFunc.java]]
[parsing started RegularFileObject[../../sources/threepl/funcs/TypeStringFunc.java]]
[parsing completed 1ms]
[loading RegularFileObject[../../sources/threepl/funcs/TypeIsEqualFunc.java]]
[parsing started RegularFileObject[../../sources/threepl/funcs/TypeIsEqualFunc.java]]
[parsing completed 0ms]
[loading RegularFileObject[../../sources/threepl/funcs/TypeValFunc.java]]
[parsing started RegularFileObject[../../sources/threepl/funcs/TypeValFunc.java]]
[parsing completed 0ms]
[loading RegularFileObject[../../sources/threepl/funcs/TypeValStringFunc.java]]
[parsing started RegularFileObject[../../sources/threepl/funcs/TypeValStringFunc.java]]
[parsing completed 0ms]
[loading RegularFileObject[../../sources/threepl/funcs/UsedFunc.java]]
[parsing started RegularFileObject[../../sources/threepl/funcs/UsedFunc.java]]
[parsing completed 0ms]
[loading RegularFileObject[../../sources/threepl/funcs/VarExistsFunc.java]]
[parsing started RegularFileObject[../../sources/threepl/funcs/VarExistsFunc.java]]
[parsing completed 0ms]
[loading RegularFileObject[../../sources/threepl/funcs/VarListFunc.java]]
[parsing started RegularFileObject[../../sources/threepl/funcs/VarListFunc.java]]
[parsing completed 0ms]
[loading RegularFileObject[../../sources/threepl/funcs/WasAssignedFunc.java]]
[parsing started RegularFileObject[../../sources/threepl/funcs/WasAssignedFunc.java]]
[parsing completed 0ms]
[loading RegularFileObject[../../sources/threepl/funcs/WasWrittenFunc.java]]
[parsing started RegularFileObject[../../sources/threepl/funcs/WasWrittenFunc.java]]
[parsing completed 0ms]
[loading RegularFileObject[../../sources/threepl/funcs/WidthFunc.java]]
[parsing started RegularFileObject[../../sources/threepl/funcs/WidthFunc.java]]
[parsing completed 0ms]
[loading RegularFileObject[../../sources/threepl/funcs/WordsFunc.java]]
[parsing started RegularFileObject[../../sources/threepl/funcs/WordsFunc.java]]
[parsing completed 0ms]
[loading RegularFileObject[../../sources/threepl/funcs/WriteDomainFunc.java]]
[parsing started RegularFileObject[../../sources/threepl/funcs/WriteDomainFunc.java]]
[parsing completed 0ms]
[loading RegularFileObject[../../sources/threepl/funcs/FileCanReadFunc.java]]
[parsing started RegularFileObject[../../sources/threepl/funcs/FileCanReadFunc.java]]
[parsing completed 0ms]
[loading RegularFileObject[../../sources/threepl/funcs/FileCanWriteFunc.java]]
[parsing started RegularFileObject[../../sources/threepl/funcs/FileCanWriteFunc.java]]
[parsing completed 0ms]
[loading RegularFileObject[../../sources/threepl/funcs/FileDeleteFunc.java]]
[parsing started RegularFileObject[../../sources/threepl/funcs/FileDeleteFunc.java]]
[parsing completed 0ms]
[loading RegularFileObject[../../sources/threepl/funcs/FileExistsFunc.java]]
[parsing started RegularFileObject[../../sources/threepl/funcs/FileExistsFunc.java]]
[parsing completed 0ms]
[loading RegularFileObject[../../sources/threepl/funcs/FileGetParentFunc.java]]
[parsing started RegularFileObject[../../sources/threepl/funcs/FileGetParentFunc.java]]
[parsing completed 0ms]
[loading RegularFileObject[../../sources/threepl/funcs/FileIsDirFunc.java]]
[parsing started RegularFileObject[../../sources/threepl/funcs/FileIsDirFunc.java]]
[parsing completed 0ms]
[loading RegularFileObject[../../sources/threepl/funcs/FileIsFileFunc.java]]
[parsing started RegularFileObject[../../sources/threepl/funcs/FileIsFileFunc.java]]
[parsing completed 0ms]
[loading RegularFileObject[../../sources/threepl/funcs/FileLastModFunc.java]]
[parsing started RegularFileObject[../../sources/threepl/funcs/FileLastModFunc.java]]
[parsing completed 0ms]
[loading RegularFileObject[../../sources/threepl/funcs/FileLengthFunc.java]]
[parsing started RegularFileObject[../../sources/threepl/funcs/FileLengthFunc.java]]
[parsing completed 0ms]
[loading RegularFileObject[../../sources/threepl/funcs/FileListFunc.java]]
[parsing started RegularFileObject[../../sources/threepl/funcs/FileListFunc.java]]
[parsing completed 0ms]
[loading RegularFileObject[../../sources/threepl/funcs/FileListDirsFunc.java]]
[parsing started RegularFileObject[../../sources/threepl/funcs/FileListDirsFunc.java]]
[parsing completed 0ms]
[loading RegularFileObject[../../sources/threepl/funcs/FileListFilesFunc.java]]
[parsing started RegularFileObject[../../sources/threepl/funcs/FileListFilesFunc.java]]
[parsing completed 0ms]
[loading RegularFileObject[../../sources/threepl/funcs/FileMkDirFunc.java]]
[parsing started RegularFileObject[../../sources/threepl/funcs/FileMkDirFunc.java]]
[parsing completed 0ms]
[loading RegularFileObject[../../sources/threepl/funcs/FileRenameFunc.java]]
[parsing started RegularFileObject[../../sources/threepl/funcs/FileRenameFunc.java]]
[parsing completed 0ms]
[loading RegularFileObject[../../sources/threepl/funcs/FileSetReadOnlyFunc.java]]
[parsing started RegularFileObject[../../sources/threepl/funcs/FileSetReadOnlyFunc.java]]
[parsing completed 0ms]
[loading RegularFileObject[../../sources/threepl/funcs/HadEOFFunc.java]]
[parsing started RegularFileObject[../../sources/threepl/funcs/HadEOFFunc.java]]
[parsing completed 0ms]
[loading RegularFileObject[../../sources/threepl/funcs/ReadByteFunc.java]]
[parsing started RegularFileObject[../../sources/threepl/funcs/ReadByteFunc.java]]
[parsing completed 0ms]
[loading RegularFileObject[../../sources/threepl/funcs/ReadLnFunc.java]]
[parsing started RegularFileObject[../../sources/threepl/funcs/ReadLnFunc.java]]
[parsing completed 0ms]
[wrote RegularFileObject[../../classes/threepl/funcs/InbuiltFuncs.class]]
[checking threepl.exec.Clock]
[wrote RegularFileObject[../../classes/threepl/exec/Clock$1.class]]
[wrote RegularFileObject[../../classes/threepl/exec/Clock.class]]
[checking threepl.nodes.BlockNode]
[checking threepl.nodes.Node]
[wrote RegularFileObject[../../classes/threepl/nodes/BlockNode$1.class]]
[wrote RegularFileObject[../../classes/threepl/nodes/BlockNode.class]]
[wrote RegularFileObject[../../classes/threepl/nodes/Node.class]]
[checking threepl.exec.Scope]
[wrote RegularFileObject[../../classes/threepl/exec/Scope$1.class]]
[wrote RegularFileObject[../../classes/threepl/exec/Scope.class]]
[checking threepl.parser.SrcLoc]
[wrote RegularFileObject[../../classes/threepl/parser/SrcLoc.class]]
[checking threepl.exec.FileDesc]
[wrote RegularFileObject[../../classes/threepl/exec/FileDesc.class]]
[checking threepl.exec.Val]
[checking threepl.exec.RefOrVal]
[wrote RegularFileObject[../../classes/threepl/exec/Val$1.class]]
[wrote RegularFileObject[../../classes/threepl/exec/Val.class]]
[wrote RegularFileObject[../../classes/threepl/exec/RefOrVal$ValWordSpecPair.class]]
[wrote RegularFileObject[../../classes/threepl/exec/RefOrVal$1.class]]
[wrote RegularFileObject[../../classes/threepl/exec/RefOrVal.class]]
[checking threepl.codegen.TDEVar]
[wrote RegularFileObject[../../classes/threepl/codegen/TDEVar$Common.class]]
[wrote RegularFileObject[../../classes/threepl/codegen/TDEVar$1.class]]
[wrote RegularFileObject[../../classes/threepl/codegen/TDEVar.class]]
[checking threepl.codegen.TDEList]
[loading ZipFileIndexFileObject[/Library/Java/JavaVirtualMachines/amazon-corretto-8.jdk/Contents/Home/lib/ct.sym(META-INF/sym/rt.jar/java/util/function/UnaryOperator.class)]]
[loading ZipFileIndexFileObject[/Library/Java/JavaVirtualMachines/amazon-corretto-8.jdk/Contents/Home/lib/ct.sym(META-INF/sym/rt.jar/java/util/function/Predicate.class)]]
[loading ZipFileIndexFileObject[/Library/Java/JavaVirtualMachines/amazon-corretto-8.jdk/Contents/Home/lib/ct.sym(META-INF/sym/rt.jar/java/util/Spliterator.class)]]
[loading ZipFileIndexFileObject[/Library/Java/JavaVirtualMachines/amazon-corretto-8.jdk/Contents/Home/lib/ct.sym(META-INF/sym/rt.jar/java/util/function/Consumer.class)]]
[loading ZipFileIndexFileObject[/Library/Java/JavaVirtualMachines/amazon-corretto-8.jdk/Contents/Home/lib/ct.sym(META-INF/sym/rt.jar/java/util/stream/Stream.class)]]
[loading ZipFileIndexFileObject[/Library/Java/JavaVirtualMachines/amazon-corretto-8.jdk/Contents/Home/lib/ct.sym(META-INF/sym/rt.jar/java/time/ZoneId.class)]]
[wrote RegularFileObject[../../classes/threepl/codegen/TDEList$branch_optimise.class]]
[wrote RegularFileObject[../../classes/threepl/codegen/TDEList$1.class]]
[wrote RegularFileObject[../../classes/threepl/codegen/TDEList.class]]
[checking threepl.codegen.TDE]
[wrote RegularFileObject[../../classes/threepl/codegen/TDE$1.class]]
[wrote RegularFileObject[../../classes/threepl/codegen/TDE.class]]
[checking threepl.netlist.TDECode]
[wrote RegularFileObject[../../classes/threepl/netlist/TDECode$Port.class]]
[wrote RegularFileObject[../../classes/threepl/netlist/TDECode.class]]
[checking threepl.netlist.NetConstants]
[wrote RegularFileObject[../../classes/threepl/netlist/NetConstants$Gtype.class]]
[wrote RegularFileObject[../../classes/threepl/netlist/NetConstants$Ctype.class]]
[wrote RegularFileObject[../../classes/threepl/netlist/NetConstants$PortType.class]]
[wrote RegularFileObject[../../classes/threepl/netlist/NetConstants.class]]
[checking threepl.mods.InbuiltMod]
[wrote RegularFileObject[../../classes/threepl/mods/InbuiltMod.class]]
[checking threepl.procs.InbuiltProc]
[wrote RegularFileObject[../../classes/threepl/procs/InbuiltProc.class]]
[checking threepl.funcs.InbuiltFunc]
[wrote RegularFileObject[../../classes/threepl/funcs/InbuiltFunc.class]]
[checking threepl.nodes.Ident]
[wrote RegularFileObject[../../classes/threepl/nodes/Ident.class]]
[checking threepl.parser.Token]
[wrote RegularFileObject[../../classes/threepl/parser/Token.class]]
[checking threepl.exec.Type]
[wrote RegularFileObject[../../classes/threepl/exec/Type$1.class]]
[wrote RegularFileObject[../../classes/threepl/exec/Type.class]]
[checking threepl.exec.SubFieldList]
[wrote RegularFileObject[../../classes/threepl/exec/SubFieldList$1.class]]
[wrote RegularFileObject[../../classes/threepl/exec/SubFieldList.class]]
[checking threepl.exec.SubField]
[wrote RegularFileObject[../../classes/threepl/exec/SubField$1.class]]
[wrote RegularFileObject[../../classes/threepl/exec/SubField.class]]
[checking threepl.exec.WordSpec]
[wrote RegularFileObject[../../classes/threepl/exec/WordSpec$Pair.class]]
[wrote RegularFileObject[../../classes/threepl/exec/WordSpec$1.class]]
[wrote RegularFileObject[../../classes/threepl/exec/WordSpec.class]]
[checking threepl.parser.AttributesMap]
[loading ZipFileIndexFileObject[/Library/Java/JavaVirtualMachines/amazon-corretto-8.jdk/Contents/Home/lib/ct.sym(META-INF/sym/rt.jar/java/util/function/BiFunction.class)]]
[loading ZipFileIndexFileObject[/Library/Java/JavaVirtualMachines/amazon-corretto-8.jdk/Contents/Home/lib/ct.sym(META-INF/sym/rt.jar/java/util/function/BiConsumer.class)]]
[loading ZipFileIndexFileObject[/Library/Java/JavaVirtualMachines/amazon-corretto-8.jdk/Contents/Home/lib/ct.sym(META-INF/sym/rt.jar/java/util/NavigableSet.class)]]
[loading ZipFileIndexFileObject[/Library/Java/JavaVirtualMachines/amazon-corretto-8.jdk/Contents/Home/lib/ct.sym(META-INF/sym/rt.jar/java/util/function/Function.class)]]
[wrote RegularFileObject[../../classes/threepl/parser/AttributesMap.class]]
[checking threepl.nodes.VarNode]
[wrote RegularFileObject[../../classes/threepl/nodes/VarNode$1.class]]
[wrote RegularFileObject[../../classes/threepl/nodes/VarNode.class]]
[checking threepl.nodes.NodeList]
[wrote RegularFileObject[../../classes/threepl/nodes/NodeList.class]]
[checking threepl.exceptions.MapException]
[wrote RegularFileObject[../../classes/threepl/exceptions/MapException.class]]
[checking threepl.exec.Ref]
[wrote RegularFileObject[../../classes/threepl/exec/Ref$TargSubIterator.class]]
[wrote RegularFileObject[../../classes/threepl/exec/Ref.class]]
[checking threepl.parser.BENode]
[wrote RegularFileObject[../../classes/threepl/parser/BENode.class]]
[checking threepl.exceptions.ExEx]
[wrote RegularFileObject[../../classes/threepl/exceptions/ExEx.class]]
[checking threepl.nodes.ProcModCallNode]
[wrote RegularFileObject[../../classes/threepl/nodes/ProcModCallNode.class]]
[checking threepl.parser.ParseException]
[wrote RegularFileObject[../../classes/threepl/parser/ParseException.class]]
[checking threepl.nodes.KeyMatchNode]
[wrote RegularFileObject[../../classes/threepl/nodes/KeyMatchNode.class]]
[checking threepl.nodes.UnlessNode]
[wrote RegularFileObject[../../classes/threepl/nodes/UnlessNode.class]]
[checking threepl.nodes.CompoundValNode]
[wrote RegularFileObject[../../classes/threepl/nodes/CompoundValNode$KeyField.class]]
[wrote RegularFileObject[../../classes/threepl/nodes/CompoundValNode$1.class]]
[wrote RegularFileObject[../../classes/threepl/nodes/CompoundValNode.class]]
[checking threepl.nodes.SubscriptNode]
[wrote RegularFileObject[../../classes/threepl/nodes/SubscriptNode.class]]
[checking threepl.nodes.FieldNode]
[wrote RegularFileObject[../../classes/threepl/nodes/FieldNode.class]]
[checking threepl.parser.ParserTokenManager]
../../sources/threepl/parser/ParserTokenManager.java:315: warning: [static] static method should be qualified by type name, SimpleCharStream, instead of by an expression
   try { curChar = input_stream.readChar(); }
                               ^
../../sources/threepl/parser/ParserTokenManager.java:451: warning: [static] static method should be qualified by type name, SimpleCharStream, instead of by an expression
   try { curChar = input_stream.readChar(); }
                               ^
../../sources/threepl/parser/ParserTokenManager.java:535: warning: [static] static method should be qualified by type name, SimpleCharStream, instead of by an expression
   try { curChar = input_stream.readChar(); }
                               ^
../../sources/threepl/parser/ParserTokenManager.java:589: warning: [static] static method should be qualified by type name, SimpleCharStream, instead of by an expression
   try { curChar = input_stream.readChar(); }
                               ^
../../sources/threepl/parser/ParserTokenManager.java:644: warning: [static] static method should be qualified by type name, SimpleCharStream, instead of by an expression
   try { curChar = input_stream.readChar(); }
                               ^
../../sources/threepl/parser/ParserTokenManager.java:707: warning: [static] static method should be qualified by type name, SimpleCharStream, instead of by an expression
   try { curChar = input_stream.readChar(); }
                               ^
../../sources/threepl/parser/ParserTokenManager.java:762: warning: [static] static method should be qualified by type name, SimpleCharStream, instead of by an expression
   try { curChar = input_stream.readChar(); }
                               ^
../../sources/threepl/parser/ParserTokenManager.java:804: warning: [static] static method should be qualified by type name, SimpleCharStream, instead of by an expression
   try { curChar = input_stream.readChar(); }
                               ^
../../sources/threepl/parser/ParserTokenManager.java:830: warning: [static] static method should be qualified by type name, SimpleCharStream, instead of by an expression
   try { curChar = input_stream.readChar(); }
                               ^
../../sources/threepl/parser/ParserTokenManager.java:856: warning: [static] static method should be qualified by type name, SimpleCharStream, instead of by an expression
   try { curChar = input_stream.readChar(); }
                               ^
../../sources/threepl/parser/ParserTokenManager.java:880: warning: [static] static method should be qualified by type name, SimpleCharStream, instead of by an expression
   try { curChar = input_stream.readChar(); }
                               ^
../../sources/threepl/parser/ParserTokenManager.java:902: warning: [static] static method should be qualified by type name, SimpleCharStream, instead of by an expression
   try { curChar = input_stream.readChar(); }
                               ^
../../sources/threepl/parser/ParserTokenManager.java:922: warning: [static] static method should be qualified by type name, SimpleCharStream, instead of by an expression
   try { curChar = input_stream.readChar(); }
                               ^
../../sources/threepl/parser/ParserTokenManager.java:1584: warning: [static] static method should be qualified by type name, SimpleCharStream, instead of by an expression
      try { curChar = input_stream.readChar(); }
                                  ^
../../sources/threepl/parser/ParserTokenManager.java:1602: warning: [static] static method should be qualified by type name, SimpleCharStream, instead of by an expression
   try { curChar = input_stream.readChar(); }
                               ^
../../sources/threepl/parser/ParserTokenManager.java:1741: warning: [static] static method should be qualified by type name, SimpleCharStream, instead of by an expression
   curTokenImage = (im == null) ? input_stream.GetImage() : im;
                                              ^
../../sources/threepl/parser/ParserTokenManager.java:1742: warning: [static] static method should be qualified by type name, SimpleCharStream, instead of by an expression
   beginLine = input_stream.getBeginLine();
                           ^
../../sources/threepl/parser/ParserTokenManager.java:1743: warning: [static] static method should be qualified by type name, SimpleCharStream, instead of by an expression
   beginColumn = input_stream.getBeginColumn();
                             ^
../../sources/threepl/parser/ParserTokenManager.java:1744: warning: [static] static method should be qualified by type name, SimpleCharStream, instead of by an expression
   endLine = input_stream.getEndLine();
                         ^
../../sources/threepl/parser/ParserTokenManager.java:1745: warning: [static] static method should be qualified by type name, SimpleCharStream, instead of by an expression
   endColumn = input_stream.getEndColumn();
                           ^
../../sources/threepl/parser/ParserTokenManager.java:1774: warning: [static] static method should be qualified by type name, SimpleCharStream, instead of by an expression
      curChar = input_stream.BeginToken();
                            ^
../../sources/threepl/parser/ParserTokenManager.java:1789: warning: [static] static method should be qualified by type name, SimpleCharStream, instead of by an expression
       try { input_stream.backup(0);
                         ^
../../sources/threepl/parser/ParserTokenManager.java:1791: warning: [static] static method should be qualified by type name, SimpleCharStream, instead of by an expression
             curChar = input_stream.BeginToken();
                                   ^
../../sources/threepl/parser/ParserTokenManager.java:1820: warning: [static] static method should be qualified by type name, SimpleCharStream, instead of by an expression
           input_stream.backup(curPos - jjmatchedPos - 1);
                       ^
../../sources/threepl/parser/ParserTokenManager.java:1837: warning: [static] static method should be qualified by type name, SimpleCharStream, instead of by an expression
     int error_line = input_stream.getEndLine();
                                  ^
../../sources/threepl/parser/ParserTokenManager.java:1838: warning: [static] static method should be qualified by type name, SimpleCharStream, instead of by an expression
     int error_column = input_stream.getEndColumn();
                                    ^
../../sources/threepl/parser/ParserTokenManager.java:1841: warning: [static] static method should be qualified by type name, SimpleCharStream, instead of by an expression
     try { input_stream.readChar(); input_stream.backup(1); }
                       ^
../../sources/threepl/parser/ParserTokenManager.java:1841: warning: [static] static method should be qualified by type name, SimpleCharStream, instead of by an expression
     try { input_stream.readChar(); input_stream.backup(1); }
                                                ^
../../sources/threepl/parser/ParserTokenManager.java:1844: warning: [static] static method should be qualified by type name, SimpleCharStream, instead of by an expression
        error_after = curPos <= 1 ? "" : input_stream.GetImage();
                                                     ^
../../sources/threepl/parser/ParserTokenManager.java:1853: warning: [static] static method should be qualified by type name, SimpleCharStream, instead of by an expression
        input_stream.backup(1);
                    ^
../../sources/threepl/parser/ParserTokenManager.java:1854: warning: [static] static method should be qualified by type name, SimpleCharStream, instead of by an expression
        error_after = curPos <= 1 ? "" : input_stream.GetImage();
                                                     ^
../../sources/threepl/parser/ParserTokenManager.java:1865: warning: [static] static method should be qualified by type name, SimpleCharStream, instead of by an expression
         image.append(input_stream.GetSuffix(jjimageLen + (lengthOfMatch = jjmatchedPos + 1)));
                                  ^
../../sources/threepl/parser/ParserTokenManager.java:1869: warning: [static] static method should be qualified by type name, SimpleCharStream, instead of by an expression
         image.append(input_stream.GetSuffix(jjimageLen + (lengthOfMatch = jjmatchedPos + 1)));
                                  ^
../../sources/threepl/parser/ParserTokenManager.java:1873: warning: [static] static method should be qualified by type name, SimpleCharStream, instead of by an expression
         image.append(input_stream.GetSuffix(jjimageLen + (lengthOfMatch = jjmatchedPos + 1)));
                                  ^
../../sources/threepl/parser/ParserTokenManager.java:1885: warning: [static] static method should be qualified by type name, SimpleCharStream, instead of by an expression
        image.append(input_stream.GetSuffix(jjimageLen + (lengthOfMatch = jjmatchedPos + 1)));
                                 ^
../../sources/threepl/parser/ParserTokenManager.java:1889: warning: [static] static method should be qualified by type name, SimpleCharStream, instead of by an expression
        image.append(input_stream.GetSuffix(jjimageLen + (lengthOfMatch = jjmatchedPos + 1)));
                                 ^
../../sources/threepl/parser/ParserTokenManager.java:1893: warning: [static] static method should be qualified by type name, SimpleCharStream, instead of by an expression
        image.append(input_stream.GetSuffix(jjimageLen + (lengthOfMatch = jjmatchedPos + 1)));
                                 ^
../../sources/threepl/parser/ParserTokenManager.java:1897: warning: [static] static method should be qualified by type name, SimpleCharStream, instead of by an expression
        image.append(input_stream.GetSuffix(jjimageLen + (lengthOfMatch = jjmatchedPos + 1)));
                                 ^
[wrote RegularFileObject[../../classes/threepl/parser/ParserTokenManager.class]]
[checking threepl.parser.SimpleCharStream]
[loading ZipFileIndexFileObject[/Library/Java/JavaVirtualMachines/amazon-corretto-8.jdk/Contents/Home/lib/ct.sym(META-INF/sym/rt.jar/java/nio/charset/CharsetDecoder.class)]]
[loading ZipFileIndexFileObject[/Library/Java/JavaVirtualMachines/amazon-corretto-8.jdk/Contents/Home/lib/ct.sym(META-INF/sym/rt.jar/java/nio/charset/Charset.class)]]
[wrote RegularFileObject[../../classes/threepl/parser/SimpleCharStream.class]]
[checking threepl.exec.Immediate]
[wrote RegularFileObject[../../classes/threepl/exec/Immediate$1.class]]
[wrote RegularFileObject[../../classes/threepl/exec/Immediate.class]]
[checking threepl.exec.QueueRefs]
[wrote RegularFileObject[../../classes/threepl/exec/QueueRefs$SetPair.class]]
[wrote RegularFileObject[../../classes/threepl/exec/QueueRefs$CondSig.class]]
[wrote RegularFileObject[../../classes/threepl/exec/QueueRefs.class]]
[checking threepl.exec.EnumConst]
[wrote RegularFileObject[../../classes/threepl/exec/EnumConst.class]]
[checking threepl.exec.Value]
[wrote RegularFileObject[../../classes/threepl/exec/Value$1.class]]
[wrote RegularFileObject[../../classes/threepl/exec/Value.class]]
[checking threepl.codegen.TDEVarList]
[wrote RegularFileObject[../../classes/threepl/codegen/TDEVarList$1.class]]
[wrote RegularFileObject[../../classes/threepl/codegen/TDEVarList.class]]
[checking threepl.netlist.Ports]
[wrote RegularFileObject[../../classes/threepl/netlist/Ports$portwidth.class]]
[wrote RegularFileObject[../../classes/threepl/netlist/Ports.class]]
[checking threepl.netlist.Element]
[wrote RegularFileObject[../../classes/threepl/netlist/Element$1.class]]
[wrote RegularFileObject[../../classes/threepl/netlist/Element.class]]
[checking threepl.netlist.Net]
[loading ZipFileIndexFileObject[/Library/Java/JavaVirtualMachines/amazon-corretto-8.jdk/Contents/Home/lib/ct.sym(META-INF/sym/rt.jar/java/util/SortedSet.class)]]
../../sources/threepl/netlist/Net.java:41: warning: [overrides] Class Net overrides equals, but neither it nor any superclass overrides hashCode method
public class Net implements NetConstants, TDEConstants {
       ^
[wrote RegularFileObject[../../classes/threepl/netlist/Net$NET.class]]
[wrote RegularFileObject[../../classes/threepl/netlist/Net$1.class]]
[wrote RegularFileObject[../../classes/threepl/netlist/Net.class]]
[checking threepl.exec.Field]
[wrote RegularFileObject[../../classes/threepl/exec/Field.class]]
[checking threepl.nodes.StrNode]
[wrote RegularFileObject[../../classes/threepl/nodes/StrNode.class]]
[checking threepl.exec.Queue]
../../sources/threepl/exec/Queue.java:114: warning: [rawtypes] found raw type: LinkedHashMap
            inputs = new LinkedHashMap[words];
                         ^
  missing type arguments for generic class LinkedHashMap<K,V>
  where K,V are type-variables:
    K extends Object declared in class LinkedHashMap
    V extends Object declared in class LinkedHashMap
../../sources/threepl/exec/Queue.java:143: warning: [rawtypes] found raw type: LinkedHashSet
        resets = new LinkedHashSet[(words == 0) ? 1 : words]; // possible "null" queue
                     ^
  missing type arguments for generic class LinkedHashSet<E>
  where E is a type-variable:
    E extends Object declared in class LinkedHashSet
[checking threepl.exec.ClockedVar]
[wrote RegularFileObject[../../classes/threepl/exec/Queue.class]]
[wrote RegularFileObject[../../classes/threepl/exec/ClockedVar.class]]
[checking threepl.netlist.Display]
[loading ZipFileIndexFileObject[/Library/Java/JavaVirtualMachines/amazon-corretto-8.jdk/Contents/Home/lib/ct.sym(META-INF/sym/rt.jar/java/awt/LayoutManager.class)]]
[loading ZipFileIndexFileObject[/Library/Java/JavaVirtualMachines/amazon-corretto-8.jdk/Contents/Home/lib/ct.sym(META-INF/sym/rt.jar/java/awt/LayoutManager2.class)]]
[loading ZipFileIndexFileObject[/Library/Java/JavaVirtualMachines/amazon-corretto-8.jdk/Contents/Home/lib/ct.sym(META-INF/sym/rt.jar/javax/swing/Action.class)]]
[loading ZipFileIndexFileObject[/Library/Java/JavaVirtualMachines/amazon-corretto-8.jdk/Contents/Home/lib/ct.sym(META-INF/sym/rt.jar/javax/swing/Icon.class)]]
[loading ZipFileIndexFileObject[/Library/Java/JavaVirtualMachines/amazon-corretto-8.jdk/Contents/Home/lib/ct.sym(META-INF/sym/rt.jar/javax/swing/JToggleButton.class)]]
[loading ZipFileIndexFileObject[/Library/Java/JavaVirtualMachines/amazon-corretto-8.jdk/Contents/Home/lib/ct.sym(META-INF/sym/rt.jar/javax/swing/AbstractButton.class)]]
[loading ZipFileIndexFileObject[/Library/Java/JavaVirtualMachines/amazon-corretto-8.jdk/Contents/Home/lib/ct.sym(META-INF/sym/rt.jar/java/awt/ItemSelectable.class)]]
[loading ZipFileIndexFileObject[/Library/Java/JavaVirtualMachines/amazon-corretto-8.jdk/Contents/Home/lib/ct.sym(META-INF/sym/rt.jar/java/awt/PopupMenu.class)]]
[loading ZipFileIndexFileObject[/Library/Java/JavaVirtualMachines/amazon-corretto-8.jdk/Contents/Home/lib/ct.sym(META-INF/sym/rt.jar/javax/swing/border/Border.class)]]
[loading ZipFileIndexFileObject[/Library/Java/JavaVirtualMachines/amazon-corretto-8.jdk/Contents/Home/lib/ct.sym(META-INF/sym/rt.jar/javax/swing/text/JTextComponent.class)]]
[loading ZipFileIndexFileObject[/Library/Java/JavaVirtualMachines/amazon-corretto-8.jdk/Contents/Home/lib/ct.sym(META-INF/sym/rt.jar/javax/swing/Scrollable.class)]]
[loading ZipFileIndexFileObject[/Library/Java/JavaVirtualMachines/amazon-corretto-8.jdk/Contents/Home/lib/ct.sym(META-INF/sym/rt.jar/java/awt/color/ColorSpace.class)]]
[loading RegularFileObject[../../sources/threepl/netlist/NetListDraw.java]]
[parsing started RegularFileObject[../../sources/threepl/netlist/NetListDraw.java]]
[parsing completed 3ms]
[loading ZipFileIndexFileObject[/Library/Java/JavaVirtualMachines/amazon-corretto-8.jdk/Contents/Home/lib/ct.sym(META-INF/sym/rt.jar/javax/swing/ScrollPaneConstants.class)]]
[loading ZipFileIndexFileObject[/Library/Java/JavaVirtualMachines/amazon-corretto-8.jdk/Contents/Home/lib/ct.sym(META-INF/sym/rt.jar/java/awt/event/InputEvent.class)]]
[loading ZipFileIndexFileObject[/Library/Java/JavaVirtualMachines/amazon-corretto-8.jdk/Contents/Home/lib/ct.sym(META-INF/sym/rt.jar/java/awt/event/ComponentEvent.class)]]
[loading ZipFileIndexFileObject[/Library/Java/JavaVirtualMachines/amazon-corretto-8.jdk/Contents/Home/lib/ct.sym(META-INF/sym/rt.jar/java/awt/AWTEvent.class)]]
[loading ZipFileIndexFileObject[/Library/Java/JavaVirtualMachines/amazon-corretto-8.jdk/Contents/Home/lib/ct.sym(META-INF/sym/rt.jar/java/util/EventObject.class)]]
[loading RegularFileObject[../../sources/threepl/netlist/Properties.java]]
[parsing started RegularFileObject[../../sources/threepl/netlist/Properties.java]]
[parsing completed 0ms]
[loading RegularFileObject[../../sources/threepl/netlist/SigList.java]]
[parsing started RegularFileObject[../../sources/threepl/netlist/SigList.java]]
[parsing completed 1ms]
[loading ZipFileIndexFileObject[/Library/Java/JavaVirtualMachines/amazon-corretto-8.jdk/Contents/Home/lib/ct.sym(META-INF/sym/rt.jar/javax/swing/DefaultListModel.class)]]
[loading ZipFileIndexFileObject[/Library/Java/JavaVirtualMachines/amazon-corretto-8.jdk/Contents/Home/lib/ct.sym(META-INF/sym/rt.jar/javax/swing/JList.class)]]
[loading ZipFileIndexFileObject[/Library/Java/JavaVirtualMachines/amazon-corretto-8.jdk/Contents/Home/lib/ct.sym(META-INF/sym/rt.jar/javax/swing/ListSelectionModel.class)]]
[loading ZipFileIndexFileObject[/Library/Java/JavaVirtualMachines/amazon-corretto-8.jdk/Contents/Home/lib/ct.sym(META-INF/sym/rt.jar/javax/swing/event/ListSelectionEvent.class)]]
[loading ZipFileIndexFileObject[/Library/Java/JavaVirtualMachines/amazon-corretto-8.jdk/Contents/Home/lib/ct.sym(META-INF/sym/rt.jar/javax/swing/event/ListSelectionListener.class)]]
[loading ZipFileIndexFileObject[/Library/Java/JavaVirtualMachines/amazon-corretto-8.jdk/Contents/Home/lib/ct.sym(META-INF/sym/rt.jar/java/awt/GraphicsConfiguration.class)]]
[loading ZipFileIndexFileObject[/Library/Java/JavaVirtualMachines/amazon-corretto-8.jdk/Contents/Home/lib/ct.sym(META-INF/sym/rt.jar/java/awt/Frame.class)]]
[loading ZipFileIndexFileObject[/Library/Java/JavaVirtualMachines/amazon-corretto-8.jdk/Contents/Home/lib/ct.sym(META-INF/sym/rt.jar/java/awt/Window.class)]]
[loading ZipFileIndexFileObject[/Library/Java/JavaVirtualMachines/amazon-corretto-8.jdk/Contents/Home/lib/ct.sym(META-INF/sym/rt.jar/javax/swing/WindowConstants.class)]]
[loading ZipFileIndexFileObject[/Library/Java/JavaVirtualMachines/amazon-corretto-8.jdk/Contents/Home/lib/ct.sym(META-INF/sym/rt.jar/javax/swing/RootPaneContainer.class)]]
[loading ZipFileIndexFileObject[/Library/Java/JavaVirtualMachines/amazon-corretto-8.jdk/Contents/Home/lib/ct.sym(META-INF/sym/rt.jar/javax/swing/SwingUtilities.class)]]
[loading ZipFileIndexFileObject[/Library/Java/JavaVirtualMachines/amazon-corretto-8.jdk/Contents/Home/lib/ct.sym(META-INF/sym/rt.jar/javax/swing/JScrollBar.class)]]
[loading ZipFileIndexFileObject[/Library/Java/JavaVirtualMachines/amazon-corretto-8.jdk/Contents/Home/lib/ct.sym(META-INF/sym/rt.jar/java/awt/Adjustable.class)]]
[loading ZipFileIndexFileObject[/Library/Java/JavaVirtualMachines/amazon-corretto-8.jdk/Contents/Home/lib/ct.sym(META-INF/sym/rt.jar/java/awt/geom/Dimension2D.class)]]
[loading ZipFileIndexFileObject[/Library/Java/JavaVirtualMachines/amazon-corretto-8.jdk/Contents/Home/lib/ct.sym(META-INF/sym/rt.jar/java/awt/HeadlessException.class)]]
[loading ZipFileIndexFileObject[/Library/Java/JavaVirtualMachines/amazon-corretto-8.jdk/Contents/Home/lib/ct.sym(META-INF/sym/rt.jar/java/lang/UnsupportedOperationException.class)]]
[wrote RegularFileObject[../../classes/threepl/netlist/Display$DrawingPane.class]]
[wrote RegularFileObject[../../classes/threepl/netlist/Display$1.class]]
[wrote RegularFileObject[../../classes/threepl/netlist/Display.class]]
[checking threepl.netlist.xilinx.UNISIMS]
[loading RegularFileObject[../../sources/threepl/netlist/xilinx/XTDEOptimise.java]]
[parsing started RegularFileObject[../../sources/threepl/netlist/xilinx/XTDEOptimise.java]]
[parsing completed 2ms]
[loading RegularFileObject[../../sources/threepl/netlist/xilinx/XNetlistOptimise.java]]
[parsing started RegularFileObject[../../sources/threepl/netlist/xilinx/XNetlistOptimise.java]]
[parsing completed 1ms]
[checking threepl.netlist.xilinx.XTDECode]
[checking threepl.netlist.xilinx.XFunctions]
[checking threepl.netlist.xilinx.XElements]
[checking threepl.netlist.GenFunctions]
[wrote RegularFileObject[../../classes/threepl/netlist/xilinx/UNISIMS.class]]
[wrote RegularFileObject[../../classes/threepl/netlist/xilinx/XTDECode$Constraint.class]]
[wrote RegularFileObject[../../classes/threepl/netlist/xilinx/XTDECode$1.class]]
[wrote RegularFileObject[../../classes/threepl/netlist/xilinx/XTDECode.class]]
[checking threepl.netlist.xilinx.RamBlock]
[wrote RegularFileObject[../../classes/threepl/netlist/xilinx/RamBlock.class]]
[checking threepl.netlist.xilinx.FifoBlock]
[wrote RegularFileObject[../../classes/threepl/netlist/xilinx/FifoBlock.class]]
[wrote RegularFileObject[../../classes/threepl/netlist/xilinx/XFunctions.class]]
[wrote RegularFileObject[../../classes/threepl/netlist/xilinx/XElements.class]]
[wrote RegularFileObject[../../classes/threepl/netlist/GenFunctions.class]]
[checking threepl.parser.FileChooser]
[loading ZipFileIndexFileObject[/Library/Java/JavaVirtualMachines/amazon-corretto-8.jdk/Contents/Home/lib/ct.sym(META-INF/sym/rt.jar/javax/swing/text/Document.class)]]
[loading ZipFileIndexFileObject[/Library/Java/JavaVirtualMachines/amazon-corretto-8.jdk/Contents/Home/lib/ct.sym(META-INF/sym/rt.jar/java/lang/Thread.class)]]
[loading ZipFileIndexFileObject[/Library/Java/JavaVirtualMachines/amazon-corretto-8.jdk/Contents/Home/lib/ct.sym(META-INF/sym/rt.jar/sun/misc/Contended.class)]]
[wrote RegularFileObject[../../classes/threepl/parser/FileChooser$threeplFilter.class]]
[wrote RegularFileObject[../../classes/threepl/parser/FileChooser$mainThread.class]]
[wrote RegularFileObject[../../classes/threepl/parser/FileChooser$mainWaitThread.class]]
[wrote RegularFileObject[../../classes/threepl/parser/FileChooser$1.class]]
[wrote RegularFileObject[../../classes/threepl/parser/FileChooser.class]]
[checking threepl.parser.TokenMgrError]
[wrote RegularFileObject[../../classes/threepl/parser/TokenMgrError.class]]
[checking threepl.nodes.ClassFuncCallNode]
[wrote RegularFileObject[../../classes/threepl/nodes/ClassFuncCallNode.class]]
[checking threepl.nodes.ListNode]
[wrote RegularFileObject[../../classes/threepl/nodes/ListNode.class]]
[checking threepl.nodes.PtrValNode]
[wrote RegularFileObject[../../classes/threepl/nodes/PtrValNode$1.class]]
[wrote RegularFileObject[../../classes/threepl/nodes/PtrValNode.class]]
[checking threepl.procs.IdentProc]
[wrote RegularFileObject[../../classes/threepl/procs/IdentProc.class]]
[checking threepl.procs.RefProc]
[wrote RegularFileObject[../../classes/threepl/procs/RefProc.class]]
[checking threepl.exec.Priority]
[wrote RegularFileObject[../../classes/threepl/exec/Priority.class]]
[checking threepl.nodes.NullNode]
[wrote RegularFileObject[../../classes/threepl/nodes/NullNode.class]]
[checking threepl.nodes.ImAssNode]
[wrote RegularFileObject[../../classes/threepl/nodes/ImAssNode.class]]
[checking threepl.nodes.ExprNode]
[wrote RegularFileObject[../../classes/threepl/nodes/ExprNode$1.class]]
[wrote RegularFileObject[../../classes/threepl/nodes/ExprNode.class]]
[checking threepl.nodes.TargAssNode]
[wrote RegularFileObject[../../classes/threepl/nodes/TargAssNode$1.class]]
[wrote RegularFileObject[../../classes/threepl/nodes/TargAssNode.class]]
[checking threepl.nodes.ParBlockNode]
[wrote RegularFileObject[../../classes/threepl/nodes/ParBlockNode.class]]
[checking threepl.nodes.SeqBlockNode]
[wrote RegularFileObject[../../classes/threepl/nodes/SeqBlockNode.class]]
[checking threepl.nodes.SyncBlockNode]
[wrote RegularFileObject[../../classes/threepl/nodes/SyncBlockNode.class]]
[checking threepl.nodes.WaitPriNode]
[wrote RegularFileObject[../../classes/threepl/nodes/WaitPriNode.class]]
[checking threepl.nodes.ReturnNode]
[wrote RegularFileObject[../../classes/threepl/nodes/ReturnNode.class]]
[checking threepl.nodes.BreakNode]
[wrote RegularFileObject[../../classes/threepl/nodes/BreakNode.class]]
[checking threepl.nodes.ContinNode]
[wrote RegularFileObject[../../classes/threepl/nodes/ContinNode.class]]
[checking threepl.nodes.IfNode]
[wrote RegularFileObject[../../classes/threepl/nodes/IfNode.class]]
[checking threepl.nodes.WhileNode]
[wrote RegularFileObject[../../classes/threepl/nodes/WhileNode.class]]
[checking threepl.nodes.DoWhileNode]
[wrote RegularFileObject[../../classes/threepl/nodes/DoWhileNode.class]]
[checking threepl.nodes.ForNode]
[wrote RegularFileObject[../../classes/threepl/nodes/ForNode.class]]
[checking threepl.nodes.SwitchNode]
[wrote RegularFileObject[../../classes/threepl/nodes/SwitchNode$caseinfo.class]]
[wrote RegularFileObject[../../classes/threepl/nodes/SwitchNode$1.class]]
[wrote RegularFileObject[../../classes/threepl/nodes/SwitchNode.class]]
[checking threepl.nodes.BranchNode]
[wrote RegularFileObject[../../classes/threepl/nodes/BranchNode$caseinfo.class]]
[wrote RegularFileObject[../../classes/threepl/nodes/BranchNode$1.class]]
[wrote RegularFileObject[../../classes/threepl/nodes/BranchNode.class]]
[checking threepl.nodes.PetriNetNode]
[wrote RegularFileObject[../../classes/threepl/nodes/PetriNetNode.class]]
[checking threepl.exec.Static]
../../sources/threepl/exec/Static.java:88: warning: [rawtypes] found raw type: HashMap
            inputs = new HashMap[words];
                         ^
  missing type arguments for generic class HashMap<K,V>
  where K,V are type-variables:
    K extends Object declared in class HashMap
    V extends Object declared in class HashMap
../../sources/threepl/exec/Static.java:101: warning: [rawtypes] found raw type: HashSet
        resets = new HashSet[words];
                     ^
  missing type arguments for generic class HashSet<E>
  where E is a type-variable:
    E extends Object declared in class HashSet
[wrote RegularFileObject[../../classes/threepl/exec/Static$1.class]]
[wrote RegularFileObject[../../classes/threepl/exec/Static.class]]
[checking threepl.nodes.WhenNode]
[wrote RegularFileObject[../../classes/threepl/nodes/WhenNode.class]]
[checking threepl.nodes.TargWhileNode]
[wrote RegularFileObject[../../classes/threepl/nodes/TargWhileNode.class]]
[checking threepl.nodes.SyncWhenNode]
[wrote RegularFileObject[../../classes/threepl/nodes/SyncWhenNode.class]]
[checking threepl.nodes.TargDoWhileNode]
[wrote RegularFileObject[../../classes/threepl/nodes/TargDoWhileNode.class]]
[checking threepl.nodes.AddrNode]
[wrote RegularFileObject[../../classes/threepl/nodes/AddrNode.class]]
[checking threepl.nodes.IntNode]
[wrote RegularFileObject[../../classes/threepl/nodes/IntNode.class]]
[checking threepl.nodes.FloatNode]
[wrote RegularFileObject[../../classes/threepl/nodes/FloatNode.class]]
[checking threepl.nodes.LogNode]
[wrote RegularFileObject[../../classes/threepl/nodes/LogNode.class]]
[checking threepl.nodes.GroupRefNode]
[wrote RegularFileObject[../../classes/threepl/nodes/GroupRefNode$1.class]]
[wrote RegularFileObject[../../classes/threepl/nodes/GroupRefNode.class]]
[checking threepl.exec.SelectValue]
../../sources/threepl/exec/SelectValue.java:74: warning: [rawtypes] found raw type: HashMap
            inputs = new HashMap[words];
                         ^
  missing type arguments for generic class HashMap<K,V>
  where K,V are type-variables:
    K extends Object declared in class HashMap
    V extends Object declared in class HashMap
[wrote RegularFileObject[../../classes/threepl/exec/SelectValue.class]]
[checking threepl.exec.Input]
[wrote RegularFileObject[../../classes/threepl/exec/Input$1.class]]
[wrote RegularFileObject[../../classes/threepl/exec/Input.class]]
[checking threepl.exec.Output]
[wrote RegularFileObject[../../classes/threepl/exec/Output$1.class]]
[wrote RegularFileObject[../../classes/threepl/exec/Output.class]]
[checking threepl.exec.Memory]
../../sources/threepl/exec/Memory.java:128: warning: [rawtypes] found raw type: ArrayList
            reads = new ArrayList[ports];
                        ^
  missing type arguments for generic class ArrayList<E>
  where E is a type-variable:
    E extends Object declared in class ArrayList
../../sources/threepl/exec/Memory.java:129: warning: [rawtypes] found raw type: ArrayList
            writes = new ArrayList[ports];
                         ^
  missing type arguments for generic class ArrayList<E>
  where E is a type-variable:
    E extends Object declared in class ArrayList
[wrote RegularFileObject[../../classes/threepl/exec/Memory$1.class]]
[wrote RegularFileObject[../../classes/threepl/exec/Memory.class]]
[checking threepl.mods.ResyncMod]
[wrote RegularFileObject[../../classes/threepl/mods/ResyncMod.class]]
[checking threepl.mods.DelMod]
[wrote RegularFileObject[../../classes/threepl/mods/DelMod$1.class]]
[wrote RegularFileObject[../../classes/threepl/mods/DelMod.class]]
[checking threepl.procs.AddModeAttributeProc]
[wrote RegularFileObject[../../classes/threepl/procs/AddModeAttributeProc.class]]
[checking threepl.procs.AppendProc]
[wrote RegularFileObject[../../classes/threepl/procs/AppendProc$1.class]]
[wrote RegularFileObject[../../classes/threepl/procs/AppendProc.class]]
[checking threepl.procs.AppendAllProc]
[wrote RegularFileObject[../../classes/threepl/procs/AppendAllProc.class]]
[checking threepl.procs.AssertProc]
[wrote RegularFileObject[../../classes/threepl/procs/AssertProc.class]]
[checking threepl.procs.ArgAdjustProc]
[wrote RegularFileObject[../../classes/threepl/procs/ArgAdjustProc$1.class]]
[wrote RegularFileObject[../../classes/threepl/procs/ArgAdjustProc.class]]
[checking threepl.nodes.ArgParams]
[wrote RegularFileObject[../../classes/threepl/nodes/ArgParams$1.class]]
[wrote RegularFileObject[../../classes/threepl/nodes/ArgParams.class]]
[checking threepl.procs.AttributeProcedureProc]
[wrote RegularFileObject[../../classes/threepl/procs/AttributeProcedureProc.class]]
[checking threepl.procs.AttributesProc]
[wrote RegularFileObject[../../classes/threepl/procs/AttributesProc.class]]
[checking threepl.procs.ChangeProc]
[wrote RegularFileObject[../../classes/threepl/procs/ChangeProc$1.class]]
[wrote RegularFileObject[../../classes/threepl/procs/ChangeProc.class]]
[checking threepl.procs.ClassProc]
[wrote RegularFileObject[../../classes/threepl/procs/ClassProc.class]]
[checking threepl.procs.ClockProc]
[wrote RegularFileObject[../../classes/threepl/procs/ClockProc.class]]
[checking threepl.procs.ClockFromExprProc]
[wrote RegularFileObject[../../classes/threepl/procs/ClockFromExprProc$1.class]]
[wrote RegularFileObject[../../classes/threepl/procs/ClockFromExprProc.class]]
[checking threepl.procs.CloseProc]
[wrote RegularFileObject[../../classes/threepl/procs/CloseProc$1.class]]
[wrote RegularFileObject[../../classes/threepl/procs/CloseProc.class]]
[checking threepl.procs.ConnectProc]
[wrote RegularFileObject[../../classes/threepl/procs/ConnectProc.class]]
[checking threepl.procs.CmemoryProc]
[loading RegularFileObject[../../sources/threepl/procs/MemoryCommon.java]]
[parsing started RegularFileObject[../../sources/threepl/procs/MemoryCommon.java]]
[parsing completed 1ms]
[wrote RegularFileObject[../../classes/threepl/procs/CmemoryProc.class]]
[checking threepl.procs.CmemoryWriteProc]
[wrote RegularFileObject[../../classes/threepl/procs/CmemoryWriteProc.class]]
[checking threepl.procs.DesignNameProc]
[wrote RegularFileObject[../../classes/threepl/procs/DesignNameProc.class]]
[checking threepl.procs.DirectiveProc]
[wrote RegularFileObject[../../classes/threepl/procs/DirectiveProc$1.class]]
[wrote RegularFileObject[../../classes/threepl/procs/DirectiveProc.class]]
[checking threepl.procs.DivRemProc]
[wrote RegularFileObject[../../classes/threepl/procs/DivRemProc.class]]
[checking threepl.procs.ElementProc]
[wrote RegularFileObject[../../classes/threepl/procs/ElementProc.class]]
[checking threepl.procs.ElementClockInputProc]
[wrote RegularFileObject[../../classes/threepl/procs/ElementClockInputProc$1.class]]
[wrote RegularFileObject[../../classes/threepl/procs/ElementClockInputProc.class]]
[checking threepl.procs.ElementEndProc]
[wrote RegularFileObject[../../classes/threepl/procs/ElementEndProc.class]]
[checking threepl.procs.ElementInputProc]
[wrote RegularFileObject[../../classes/threepl/procs/ElementInputProc.class]]
[checking threepl.procs.ElementOutputProc]
[wrote RegularFileObject[../../classes/threepl/procs/ElementOutputProc$1.class]]
[wrote RegularFileObject[../../classes/threepl/procs/ElementOutputProc.class]]
[checking threepl.procs.ElementPropertyProc]
[wrote RegularFileObject[../../classes/threepl/procs/ElementPropertyProc.class]]
[checking threepl.procs.ElementTSOutputProc]
[wrote RegularFileObject[../../classes/threepl/procs/ElementTSOutputProc$1.class]]
[wrote RegularFileObject[../../classes/threepl/procs/ElementTSOutputProc.class]]
[checking threepl.procs.EmptyValueProc]
[wrote RegularFileObject[../../classes/threepl/procs/EmptyValueProc.class]]
[checking threepl.procs.EnumProc]
[wrote RegularFileObject[../../classes/threepl/procs/EnumProc.class]]
[checking threepl.procs.EnumvProc]
[wrote RegularFileObject[../../classes/threepl/procs/EnumvProc.class]]
[checking threepl.procs.ExecProc]
[loading ZipFileIndexFileObject[/Library/Java/JavaVirtualMachines/amazon-corretto-8.jdk/Contents/Home/lib/ct.sym(META-INF/sym/rt.jar/java/lang/Process.class)]]
[loading ZipFileIndexFileObject[/Library/Java/JavaVirtualMachines/amazon-corretto-8.jdk/Contents/Home/lib/ct.sym(META-INF/sym/rt.jar/java/lang/NullPointerException.class)]]
[wrote RegularFileObject[../../classes/threepl/procs/ExecProc$1.class]]
[wrote RegularFileObject[../../classes/threepl/procs/ExecProc.class]]
[checking threepl.procs.ExitProc]
[wrote RegularFileObject[../../classes/threepl/procs/ExitProc.class]]
[checking threepl.procs.ExportProc]
[wrote RegularFileObject[../../classes/threepl/procs/ExportProc$1.class]]
[wrote RegularFileObject[../../classes/threepl/procs/ExportProc.class]]
[checking threepl.procs.ExternalProc]
[wrote RegularFileObject[../../classes/threepl/procs/ExternalProc$1.class]]
[wrote RegularFileObject[../../classes/threepl/procs/ExternalProc.class]]
[checking threepl.procs.FileProc]
[wrote RegularFileObject[../../classes/threepl/procs/FileProc.class]]
[checking threepl.procs.FloatProc]
[wrote RegularFileObject[../../classes/threepl/procs/FloatProc$1.class]]
[wrote RegularFileObject[../../classes/threepl/procs/FloatProc.class]]
[checking threepl.procs.FprintfProc]
[wrote RegularFileObject[../../classes/threepl/procs/FprintfProc$1.class]]
[wrote RegularFileObject[../../classes/threepl/procs/FprintfProc.class]]
[checking threepl.procs.FscanfProc]
[wrote RegularFileObject[../../classes/threepl/procs/FscanfProc.class]]
[checking threepl.procs.ImportProc]
[wrote RegularFileObject[../../classes/threepl/procs/ImportProc$1.class]]
[wrote RegularFileObject[../../classes/threepl/procs/ImportProc.class]]
[checking threepl.procs.IncludeDirProc]
[wrote RegularFileObject[../../classes/threepl/procs/IncludeDirProc.class]]
[checking threepl.procs.InputProc]
[wrote RegularFileObject[../../classes/threepl/procs/InputProc.class]]
[checking threepl.procs.IntProc]
[wrote RegularFileObject[../../classes/threepl/procs/IntProc.class]]
[checking threepl.procs.LogProc]
[wrote RegularFileObject[../../classes/threepl/procs/LogProc.class]]
[checking threepl.procs.ListStacksProc]
[wrote RegularFileObject[../../classes/threepl/procs/ListStacksProc.class]]
[checking threepl.procs.NopProc]
[wrote RegularFileObject[../../classes/threepl/procs/NopProc.class]]
[checking threepl.procs.NegClockProc]
[wrote RegularFileObject[../../classes/threepl/procs/NegClockProc.class]]
[checking threepl.procs.MsgProc]
[wrote RegularFileObject[../../classes/threepl/procs/MsgProc.class]]
[checking threepl.procs.OpenProc]
[wrote RegularFileObject[../../classes/threepl/procs/OpenProc$1.class]]
[wrote RegularFileObject[../../classes/threepl/procs/OpenProc.class]]
[checking threepl.procs.OutputProc]
[wrote RegularFileObject[../../classes/threepl/procs/OutputProc.class]]
[checking threepl.procs.PutProc]
[wrote RegularFileObject[../../classes/threepl/procs/PutProc$1.class]]
[wrote RegularFileObject[../../classes/threepl/procs/PutProc.class]]
[checking threepl.procs.PartProc]
[wrote RegularFileObject[../../classes/threepl/procs/PartProc.class]]
[checking threepl.netlist.xilinx.XC2C]
[wrote RegularFileObject[../../classes/threepl/netlist/xilinx/XC2C.class]]
[checking threepl.netlist.xilinx.XC2S]
[wrote RegularFileObject[../../classes/threepl/netlist/xilinx/XC2S.class]]
[checking threepl.netlist.xilinx.XC2V]
[wrote RegularFileObject[../../classes/threepl/netlist/xilinx/XC2V.class]]
[checking threepl.netlist.xilinx.XC2VP]
[wrote RegularFileObject[../../classes/threepl/netlist/xilinx/XC2VP.class]]
[checking threepl.netlist.xilinx.XC3S]
[wrote RegularFileObject[../../classes/threepl/netlist/xilinx/XC3S.class]]
[checking threepl.netlist.xilinx.XC4V]
[wrote RegularFileObject[../../classes/threepl/netlist/xilinx/XC4V.class]]
[checking threepl.netlist.xilinx.XC5V]
[wrote RegularFileObject[../../classes/threepl/netlist/xilinx/XC5V.class]]
[checking threepl.netlist.xilinx.XC6S]
[wrote RegularFileObject[../../classes/threepl/netlist/xilinx/XC6S.class]]
[checking threepl.netlist.xilinx.XC6V]
[wrote RegularFileObject[../../classes/threepl/netlist/xilinx/XC6V.class]]
[checking threepl.netlist.xilinx.XC7]
[wrote RegularFileObject[../../classes/threepl/netlist/xilinx/XC7.class]]
[checking threepl.netlist.xilinx.XC95]
[wrote RegularFileObject[../../classes/threepl/netlist/xilinx/XC95.class]]
[checking threepl.netlist.xilinx.XCV]
[wrote RegularFileObject[../../classes/threepl/netlist/xilinx/XCV.class]]
[checking threepl.procs.PutAllProc]
[wrote RegularFileObject[../../classes/threepl/procs/PutAllProc.class]]
[checking threepl.procs.QueueProc]
[wrote RegularFileObject[../../classes/threepl/procs/QueueProc.class]]
[checking threepl.procs.PrintfProc]
[wrote RegularFileObject[../../classes/threepl/procs/PrintfProc$1.class]]
[wrote RegularFileObject[../../classes/threepl/procs/PrintfProc.class]]
[checking threepl.procs.PrintlnProc]
[wrote RegularFileObject[../../classes/threepl/procs/PrintlnProc$1.class]]
[wrote RegularFileObject[../../classes/threepl/procs/PrintlnProc.class]]
[checking threepl.procs.PriorityProc]
[wrote RegularFileObject[../../classes/threepl/procs/PriorityProc.class]]
[checking threepl.procs.PriUnlockProc]
[wrote RegularFileObject[../../classes/threepl/procs/PriUnlockProc.class]]
[checking threepl.procs.PulseProc]
[wrote RegularFileObject[../../classes/threepl/procs/PulseProc.class]]
[checking threepl.procs.RemoveProc]
[wrote RegularFileObject[../../classes/threepl/procs/RemoveProc$1.class]]
[wrote RegularFileObject[../../classes/threepl/procs/RemoveProc.class]]
[checking threepl.procs.RemoveDirectiveProc]
[wrote RegularFileObject[../../classes/threepl/procs/RemoveDirectiveProc.class]]
[checking threepl.procs.RptProc]
[wrote RegularFileObject[../../classes/threepl/procs/RptProc.class]]
[checking threepl.procs.ResetProc]
[wrote RegularFileObject[../../classes/threepl/procs/ResetProc.class]]
[checking threepl.procs.RmemoryProc]
[wrote RegularFileObject[../../classes/threepl/procs/RmemoryProc.class]]
[checking threepl.procs.RmemoryReadProc]
[wrote RegularFileObject[../../classes/threepl/procs/RmemoryReadProc.class]]
[checking threepl.procs.RmemoryWriteProc]
[wrote RegularFileObject[../../classes/threepl/procs/RmemoryWriteProc.class]]
[checking threepl.procs.ScanfProc]
[wrote RegularFileObject[../../classes/threepl/procs/ScanfProc.class]]
[checking threepl.procs.SelectValueProc]
[wrote RegularFileObject[../../classes/threepl/procs/SelectValueProc.class]]
[checking threepl.procs.SetDirectiveProc]
[wrote RegularFileObject[../../classes/threepl/procs/SetDirectiveProc$1.class]]
[wrote RegularFileObject[../../classes/threepl/procs/SetDirectiveProc.class]]
[checking threepl.procs.ShellProc]
[wrote RegularFileObject[../../classes/threepl/procs/ShellProc$1.class]]
[wrote RegularFileObject[../../classes/threepl/procs/ShellProc.class]]
[checking threepl.procs.SpecialProc]
[wrote RegularFileObject[../../classes/threepl/procs/SpecialProc$1.class]]
[wrote RegularFileObject[../../classes/threepl/procs/SpecialProc.class]]
[checking threepl.procs.SprintfProc]
[wrote RegularFileObject[../../classes/threepl/procs/SprintfProc$1.class]]
[wrote RegularFileObject[../../classes/threepl/procs/SprintfProc.class]]
[checking threepl.procs.SscanfProc]
[wrote RegularFileObject[../../classes/threepl/procs/SscanfProc.class]]
[checking threepl.procs.StartProc]
[wrote RegularFileObject[../../classes/threepl/procs/StartProc.class]]
[checking threepl.procs.StateMachineProc]
[wrote RegularFileObject[../../classes/threepl/procs/StateMachineProc$Transition.class]]
[wrote RegularFileObject[../../classes/threepl/procs/StateMachineProc.class]]
[checking threepl.procs.StaticProc]
[wrote RegularFileObject[../../classes/threepl/procs/StaticProc.class]]
[checking threepl.procs.StopProc]
[wrote RegularFileObject[../../classes/threepl/procs/StopProc.class]]
[checking threepl.procs.StrProc]
[wrote RegularFileObject[../../classes/threepl/procs/StrProc.class]]
[checking threepl.procs.StructProc]
[wrote RegularFileObject[../../classes/threepl/procs/StructProc.class]]
[checking threepl.procs.TraceProc]
[wrote RegularFileObject[../../classes/threepl/procs/TraceProc.class]]
[checking threepl.procs.TypeProc]
[wrote RegularFileObject[../../classes/threepl/procs/TypeProc.class]]
[checking threepl.procs.TexitProc]
[wrote RegularFileObject[../../classes/threepl/procs/TexitProc.class]]
[checking threepl.procs.UseClockProc]
[wrote RegularFileObject[../../classes/threepl/procs/UseClockProc.class]]
[checking threepl.procs.ValueProc]
[wrote RegularFileObject[../../classes/threepl/procs/ValueProc.class]]
[checking threepl.procs.VarProc]
[wrote RegularFileObject[../../classes/threepl/procs/VarProc$1.class]]
[wrote RegularFileObject[../../classes/threepl/procs/VarProc.class]]
[checking threepl.procs.WriteLnProc]
[wrote RegularFileObject[../../classes/threepl/procs/WriteLnProc$1.class]]
[wrote RegularFileObject[../../classes/threepl/procs/WriteLnProc.class]]
[checking threepl.funcs.AbsFunc]
[wrote RegularFileObject[../../classes/threepl/funcs/AbsFunc$1.class]]
[wrote RegularFileObject[../../classes/threepl/funcs/AbsFunc.class]]
[checking threepl.funcs.AcceptFunc]
[wrote RegularFileObject[../../classes/threepl/funcs/AcceptFunc.class]]
[checking threepl.funcs.AcosFunc]
[wrote RegularFileObject[../../classes/threepl/funcs/AcosFunc.class]]
[checking threepl.funcs.AddSubFunc]
[wrote RegularFileObject[../../classes/threepl/funcs/AddSubFunc$1.class]]
[wrote RegularFileObject[../../classes/threepl/funcs/AddSubFunc.class]]
[checking threepl.funcs.ArgListFunc]
[wrote RegularFileObject[../../classes/threepl/funcs/ArgListFunc.class]]
[checking threepl.funcs.ArrayToStrFunc]
[wrote RegularFileObject[../../classes/threepl/funcs/ArrayToStrFunc.class]]
[checking threepl.funcs.ArrayTypeFunc]
[wrote RegularFileObject[../../classes/threepl/funcs/ArrayTypeFunc.class]]
[checking threepl.funcs.AsinFunc]
[wrote RegularFileObject[../../classes/threepl/funcs/AsinFunc.class]]
[checking threepl.funcs.AtanFunc]
[wrote RegularFileObject[../../classes/threepl/funcs/AtanFunc.class]]
[checking threepl.funcs.Atan2Func]
[wrote RegularFileObject[../../classes/threepl/funcs/Atan2Func.class]]
[checking threepl.funcs.AttributeFunc]
[wrote RegularFileObject[../../classes/threepl/funcs/AttributeFunc.class]]
[checking threepl.funcs.AttributesFunc]
[wrote RegularFileObject[../../classes/threepl/funcs/AttributesFunc.class]]
[checking threepl.funcs.BiasedExponentFunc]
[wrote RegularFileObject[../../classes/threepl/funcs/BiasedExponentFunc$1.class]]
[wrote RegularFileObject[../../classes/threepl/funcs/BiasedExponentFunc.class]]
[checking threepl.funcs.BiasedExponentWidthFunc]
[wrote RegularFileObject[../../classes/threepl/funcs/BiasedExponentWidthFunc$1.class]]
[wrote RegularFileObject[../../classes/threepl/funcs/BiasedExponentWidthFunc.class]]
[checking threepl.funcs.BitsForFunc]
[wrote RegularFileObject[../../classes/threepl/funcs/BitsForFunc.class]]
[checking threepl.funcs.CastFunc]
[wrote RegularFileObject[../../classes/threepl/funcs/CastFunc.class]]
[checking threepl.funcs.CeilFunc]
[wrote RegularFileObject[../../classes/threepl/funcs/CeilFunc.class]]
[checking threepl.funcs.CmemoryReadFunc]
[wrote RegularFileObject[../../classes/threepl/funcs/CmemoryReadFunc.class]]
[checking threepl.funcs.ComponentPointerFunc]
[wrote RegularFileObject[../../classes/threepl/funcs/ComponentPointerFunc$1.class]]
[wrote RegularFileObject[../../classes/threepl/funcs/ComponentPointerFunc.class]]
[checking threepl.funcs.ComponentTypeFunc]
[wrote RegularFileObject[../../classes/threepl/funcs/ComponentTypeFunc$1.class]]
[wrote RegularFileObject[../../classes/threepl/funcs/ComponentTypeFunc.class]]
[checking threepl.funcs.CosFunc]
[wrote RegularFileObject[../../classes/threepl/funcs/CosFunc.class]]
[checking threepl.funcs.CopyFunc]
[wrote RegularFileObject[../../classes/threepl/funcs/CopyFunc$1.class]]
[wrote RegularFileObject[../../classes/threepl/funcs/CopyFunc.class]]
[checking threepl.funcs.CSpanFunc]
[wrote RegularFileObject[../../classes/threepl/funcs/CSpanFunc.class]]
[checking threepl.funcs.CurrentClockFunc]
[wrote RegularFileObject[../../classes/threepl/funcs/CurrentClockFunc.class]]
[checking threepl.funcs.CurrentElementFunc]
[wrote RegularFileObject[../../classes/threepl/funcs/CurrentElementFunc.class]]
[checking threepl.funcs.DimensionFunc]
[wrote RegularFileObject[../../classes/threepl/funcs/DimensionFunc.class]]
[checking threepl.funcs.DeflateFunc]
[loading ZipFileIndexFileObject[/Library/Java/JavaVirtualMachines/amazon-corretto-8.jdk/Contents/Home/lib/ct.sym(META-INF/sym/rt.jar/java/nio/ByteBuffer.class)]]
[loading ZipFileIndexFileObject[/Library/Java/JavaVirtualMachines/amazon-corretto-8.jdk/Contents/Home/lib/ct.sym(META-INF/sym/rt.jar/java/util/zip/Checksum.class)]]
[wrote RegularFileObject[../../classes/threepl/funcs/DeflateFunc.class]]
[checking threepl.funcs.DimensionsFunc]
[wrote RegularFileObject[../../classes/threepl/funcs/DimensionsFunc.class]]
[checking threepl.funcs.DirectiveFunc]
[wrote RegularFileObject[../../classes/threepl/funcs/DirectiveFunc$1.class]]
[wrote RegularFileObject[../../classes/threepl/funcs/DirectiveFunc.class]]
[checking threepl.funcs.DirectivesFunc]
[wrote RegularFileObject[../../classes/threepl/funcs/DirectivesFunc.class]]
[checking threepl.funcs.DirExistsFunc]
[wrote RegularFileObject[../../classes/threepl/funcs/DirExistsFunc.class]]
[checking threepl.funcs.DomainFunc]
[wrote RegularFileObject[../../classes/threepl/funcs/DomainFunc.class]]
[checking threepl.funcs.DutyCycleFunc]
[wrote RegularFileObject[../../classes/threepl/funcs/DutyCycleFunc.class]]
[checking threepl.funcs.ElapsedTimeFunc]
[wrote RegularFileObject[../../classes/threepl/funcs/ElapsedTimeFunc.class]]
[checking threepl.funcs.EndsWithFunc]
[wrote RegularFileObject[../../classes/threepl/funcs/EndsWithFunc.class]]
[checking threepl.funcs.EntriesFunc]
[wrote RegularFileObject[../../classes/threepl/funcs/EntriesFunc.class]]
[checking threepl.funcs.EnvFunc]
[wrote RegularFileObject[../../classes/threepl/funcs/EnvFunc.class]]
[checking threepl.funcs.ExistsFunc]
[wrote RegularFileObject[../../classes/threepl/funcs/ExistsFunc.class]]
[checking threepl.funcs.ExpFunc]
[wrote RegularFileObject[../../classes/threepl/funcs/ExpFunc.class]]
[checking threepl.funcs.FindFunc]
[wrote RegularFileObject[../../classes/threepl/funcs/FindFunc.class]]
[checking threepl.funcs.FirstFunc]
[wrote RegularFileObject[../../classes/threepl/funcs/FirstFunc$1.class]]
[wrote RegularFileObject[../../classes/threepl/funcs/FirstFunc.class]]
[checking threepl.funcs.FloatIsNegativeFunc]
[wrote RegularFileObject[../../classes/threepl/funcs/FloatIsNegativeFunc$1.class]]
[wrote RegularFileObject[../../classes/threepl/funcs/FloatIsNegativeFunc.class]]
[checking threepl.funcs.FloorFunc]
[wrote RegularFileObject[../../classes/threepl/funcs/FloorFunc.class]]
[checking threepl.funcs.FormatFunc]
[wrote RegularFileObject[../../classes/threepl/funcs/FormatFunc$1.class]]
[wrote RegularFileObject[../../classes/threepl/funcs/FormatFunc.class]]
[checking threepl.funcs.FrequencyFunc]
[wrote RegularFileObject[../../classes/threepl/funcs/FrequencyFunc.class]]
[checking threepl.funcs.GetFunc]
[wrote RegularFileObject[../../classes/threepl/funcs/GetFunc$1.class]]
[wrote RegularFileObject[../../classes/threepl/funcs/GetFunc.class]]
[checking threepl.funcs.GetFieldFunc]
[wrote RegularFileObject[../../classes/threepl/funcs/GetFieldFunc.class]]
[checking threepl.funcs.HasFieldFunc]
[wrote RegularFileObject[../../classes/threepl/funcs/HasFieldFunc.class]]
[checking threepl.funcs.HasNextFunc]
[wrote RegularFileObject[../../classes/threepl/funcs/HasNextFunc$1.class]]
[wrote RegularFileObject[../../classes/threepl/funcs/HasNextFunc.class]]
[checking threepl.funcs.HasQueueReadsFunc]
[wrote RegularFileObject[../../classes/threepl/funcs/HasQueueReadsFunc.class]]
[checking threepl.funcs.HasPrevFunc]
[wrote RegularFileObject[../../classes/threepl/funcs/HasPrevFunc$1.class]]
[wrote RegularFileObject[../../classes/threepl/funcs/HasPrevFunc.class]]
[checking threepl.funcs.HeadFunc]
[loading ZipFileIndexFileObject[/Library/Java/JavaVirtualMachines/amazon-corretto-8.jdk/Contents/Home/lib/ct.sym(META-INF/sym/rt.jar/java/lang/IndexOutOfBoundsException.class)]]
[wrote RegularFileObject[../../classes/threepl/funcs/HeadFunc.class]]
[checking threepl.funcs.IdentifierFunc]
[wrote RegularFileObject[../../classes/threepl/funcs/IdentifierFunc.class]]
[checking threepl.funcs.ImToTargTypeFunc]
[wrote RegularFileObject[../../classes/threepl/funcs/ImToTargTypeFunc.class]]
[checking threepl.funcs.IncludeDirsFunc]
[wrote RegularFileObject[../../classes/threepl/funcs/IncludeDirsFunc.class]]
[checking threepl.funcs.IntToBinStringFunc]
[wrote RegularFileObject[../../classes/threepl/funcs/IntToBinStringFunc.class]]
[checking threepl.funcs.IntToHexStringFunc]
[wrote RegularFileObject[../../classes/threepl/funcs/IntToHexStringFunc.class]]
[checking threepl.funcs.IsNullFunc]
[wrote RegularFileObject[../../classes/threepl/funcs/IsNullFunc.class]]
[checking threepl.funcs.IsEmptyFunc]
[wrote RegularFileObject[../../classes/threepl/funcs/IsEmptyFunc$1.class]]
[wrote RegularFileObject[../../classes/threepl/funcs/IsEmptyFunc.class]]
[checking threepl.funcs.IsReadFunc]
[wrote RegularFileObject[../../classes/threepl/funcs/IsReadFunc.class]]
[checking threepl.funcs.IsSignedFunc]
[wrote RegularFileObject[../../classes/threepl/funcs/IsSignedFunc$1.class]]
[wrote RegularFileObject[../../classes/threepl/funcs/IsSignedFunc.class]]
[checking threepl.funcs.IsStructFunc]
[wrote RegularFileObject[../../classes/threepl/funcs/IsStructFunc.class]]
[checking threepl.funcs.IsTargConstFunc]
[wrote RegularFileObject[../../classes/threepl/funcs/IsTargConstFunc.class]]
[checking threepl.funcs.IsWrittenFunc]
[wrote RegularFileObject[../../classes/threepl/funcs/IsWrittenFunc$1.class]]
[wrote RegularFileObject[../../classes/threepl/funcs/IsWrittenFunc.class]]
[checking threepl.funcs.LastFunc]
[wrote RegularFileObject[../../classes/threepl/funcs/LastFunc$1.class]]
[wrote RegularFileObject[../../classes/threepl/funcs/LastFunc.class]]
[checking threepl.funcs.ListAttributesFunc]
[wrote RegularFileObject[../../classes/threepl/funcs/ListAttributesFunc$1.class]]
[wrote RegularFileObject[../../classes/threepl/funcs/ListAttributesFunc.class]]
[checking threepl.funcs.ListVarsFunc]
[wrote RegularFileObject[../../classes/threepl/funcs/ListVarsFunc.class]]
[checking threepl.funcs.LocationFunc]
[wrote RegularFileObject[../../classes/threepl/funcs/LocationFunc.class]]
[checking threepl.funcs.LogFunc]
[wrote RegularFileObject[../../classes/threepl/funcs/LogFunc.class]]
[checking threepl.funcs.MantissaFunc]
[wrote RegularFileObject[../../classes/threepl/funcs/MantissaFunc$1.class]]
[wrote RegularFileObject[../../classes/threepl/funcs/MantissaFunc.class]]
[checking threepl.funcs.MantissaWidthFunc]
[wrote RegularFileObject[../../classes/threepl/funcs/MantissaWidthFunc$1.class]]
[wrote RegularFileObject[../../classes/threepl/funcs/MantissaWidthFunc.class]]
[checking threepl.funcs.MatchedFunc]
[wrote RegularFileObject[../../classes/threepl/funcs/MatchedFunc.class]]
[checking threepl.funcs.MatchFunc]
[wrote RegularFileObject[../../classes/threepl/funcs/MatchFunc.class]]
[checking threepl.funcs.MaxFunc]
[wrote RegularFileObject[../../classes/threepl/funcs/MaxFunc.class]]
[checking threepl.funcs.MaxValueFunc]
[wrote RegularFileObject[../../classes/threepl/funcs/MaxValueFunc$1.class]]
[wrote RegularFileObject[../../classes/threepl/funcs/MaxValueFunc.class]]
[checking threepl.funcs.MemoryAddressTypeFunc]
[wrote RegularFileObject[../../classes/threepl/funcs/MemoryAddressTypeFunc.class]]
[checking threepl.funcs.MemoryDataTypeFunc]
[wrote RegularFileObject[../../classes/threepl/funcs/MemoryDataTypeFunc.class]]
[checking threepl.funcs.MinFunc]
[wrote RegularFileObject[../../classes/threepl/funcs/MinFunc.class]]
[checking threepl.funcs.MinValueFunc]
[wrote RegularFileObject[../../classes/threepl/funcs/MinValueFunc$1.class]]
[wrote RegularFileObject[../../classes/threepl/funcs/MinValueFunc.class]]
[checking threepl.funcs.ModFunc]
[wrote RegularFileObject[../../classes/threepl/funcs/ModFunc$1.class]]
[wrote RegularFileObject[../../classes/threepl/funcs/ModFunc.class]]
[checking threepl.funcs.ModeFunc]
[wrote RegularFileObject[../../classes/threepl/funcs/ModeFunc.class]]
[checking threepl.funcs.NextFunc]
[wrote RegularFileObject[../../classes/threepl/funcs/NextFunc$1.class]]
[wrote RegularFileObject[../../classes/threepl/funcs/NextFunc.class]]
[checking threepl.funcs.NullArgFunc]
[wrote RegularFileObject[../../classes/threepl/funcs/NullArgFunc.class]]
[checking threepl.funcs.NumFieldsFunc]
[wrote RegularFileObject[../../classes/threepl/funcs/NumFieldsFunc.class]]
[checking threepl.funcs.NumInArgsFunc]
[wrote RegularFileObject[../../classes/threepl/funcs/NumInArgsFunc.class]]
[checking threepl.funcs.NumOutArgsFunc]
[wrote RegularFileObject[../../classes/threepl/funcs/NumOutArgsFunc.class]]
[checking threepl.funcs.NumWordsFunc]
[wrote RegularFileObject[../../classes/threepl/funcs/NumWordsFunc.class]]
[checking threepl.funcs.OffsetFunc]
[wrote RegularFileObject[../../classes/threepl/funcs/OffsetFunc$1.class]]
[wrote RegularFileObject[../../classes/threepl/funcs/OffsetFunc.class]]
[checking threepl.funcs.OrdFunc]
[wrote RegularFileObject[../../classes/threepl/funcs/OrdFunc$1.class]]
[wrote RegularFileObject[../../classes/threepl/funcs/OrdFunc.class]]
[checking threepl.funcs.PeriodFunc]
[wrote RegularFileObject[../../classes/threepl/funcs/PeriodFunc.class]]
[checking threepl.funcs.PowFunc]
[wrote RegularFileObject[../../classes/threepl/funcs/PowFunc.class]]
[checking threepl.funcs.PortDomainFunc]
[wrote RegularFileObject[../../classes/threepl/funcs/PortDomainFunc.class]]
[checking threepl.funcs.PrevFunc]
[wrote RegularFileObject[../../classes/threepl/funcs/PrevFunc$1.class]]
[wrote RegularFileObject[../../classes/threepl/funcs/PrevFunc.class]]
[checking threepl.funcs.PrevClockFunc]
[wrote RegularFileObject[../../classes/threepl/funcs/PrevClockFunc.class]]
[checking threepl.funcs.PriElseFunc]
[wrote RegularFileObject[../../classes/threepl/funcs/PriElseFunc.class]]
[checking threepl.funcs.PrimTypeStringFunc]
[wrote RegularFileObject[../../classes/threepl/funcs/PrimTypeStringFunc.class]]
[checking threepl.funcs.QueueDepthFunc]
[wrote RegularFileObject[../../classes/threepl/funcs/QueueDepthFunc.class]]
[checking threepl.funcs.QueueIsEmptyFunc]
[wrote RegularFileObject[../../classes/threepl/funcs/QueueIsEmptyFunc.class]]
[checking threepl.funcs.QueueMaxDepthFunc]
[wrote RegularFileObject[../../classes/threepl/funcs/QueueMaxDepthFunc.class]]
[checking threepl.funcs.QueueMinDepthFunc]
[wrote RegularFileObject[../../classes/threepl/funcs/QueueMinDepthFunc.class]]
[checking threepl.funcs.QueueReadStatusFunc]
[wrote RegularFileObject[../../classes/threepl/funcs/QueueReadStatusFunc.class]]
[checking threepl.funcs.QueueSpacesFunc]
[wrote RegularFileObject[../../classes/threepl/funcs/QueueSpacesFunc.class]]
[checking threepl.funcs.QueueWordsFunc]
[wrote RegularFileObject[../../classes/threepl/funcs/QueueWordsFunc.class]]
[checking threepl.funcs.QueueWriteStatusFunc]
[wrote RegularFileObject[../../classes/threepl/funcs/QueueWriteStatusFunc.class]]
[checking threepl.funcs.RandomFunc]
[wrote RegularFileObject[../../classes/threepl/funcs/RandomFunc.class]]
[checking threepl.funcs.ReadDomainFunc]
[wrote RegularFileObject[../../classes/threepl/funcs/ReadDomainFunc.class]]
[checking threepl.funcs.ReplaceFunc]
[wrote RegularFileObject[../../classes/threepl/funcs/ReplaceFunc.class]]
[checking threepl.funcs.ReplaceAllFunc]
[wrote RegularFileObject[../../classes/threepl/funcs/ReplaceAllFunc.class]]
[checking threepl.funcs.ResetOutputFunc]
[wrote RegularFileObject[../../classes/threepl/funcs/ResetOutputFunc.class]]
[checking threepl.funcs.RoundFunc]
[wrote RegularFileObject[../../classes/threepl/funcs/RoundFunc$1.class]]
[wrote RegularFileObject[../../classes/threepl/funcs/RoundFunc.class]]
[checking threepl.funcs.RmemoryOutFunc]
[wrote RegularFileObject[../../classes/threepl/funcs/RmemoryOutFunc.class]]
[checking threepl.funcs.SampleFunc]
[wrote RegularFileObject[../../classes/threepl/funcs/SampleFunc.class]]
[checking threepl.funcs.SelectAFunc]
[wrote RegularFileObject[../../classes/threepl/funcs/SelectAFunc.class]]
[checking threepl.funcs.SignumFunc]
[wrote RegularFileObject[../../classes/threepl/funcs/SignumFunc$1.class]]
[wrote RegularFileObject[../../classes/threepl/funcs/SignumFunc.class]]
[checking threepl.funcs.SinFunc]
[wrote RegularFileObject[../../classes/threepl/funcs/SinFunc.class]]
[checking threepl.funcs.SizeFunc]
[wrote RegularFileObject[../../classes/threepl/funcs/SizeFunc$1.class]]
[wrote RegularFileObject[../../classes/threepl/funcs/SizeFunc.class]]
[checking threepl.funcs.SpanFunc]
[wrote RegularFileObject[../../classes/threepl/funcs/SpanFunc.class]]
[checking threepl.funcs.SplitFunc]
[wrote RegularFileObject[../../classes/threepl/funcs/SplitFunc.class]]
[checking threepl.funcs.SqrtFunc]
[wrote RegularFileObject[../../classes/threepl/funcs/SqrtFunc.class]]
[checking threepl.funcs.StackTraceFunc]
[wrote RegularFileObject[../../classes/threepl/funcs/StackTraceFunc.class]]
[checking threepl.funcs.StartsWithFunc]
[wrote RegularFileObject[../../classes/threepl/funcs/StartsWithFunc.class]]
[checking threepl.funcs.StrToArrayFunc]
[wrote RegularFileObject[../../classes/threepl/funcs/StrToArrayFunc.class]]
[checking threepl.funcs.StrToIntFunc]
[wrote RegularFileObject[../../classes/threepl/funcs/StrToIntFunc.class]]
[checking threepl.funcs.StrToFloatFunc]
[wrote RegularFileObject[../../classes/threepl/funcs/StrToFloatFunc.class]]
[checking threepl.funcs.StrToTypeFunc]
[wrote RegularFileObject[../../classes/threepl/funcs/StrToTypeFunc.class]]
[checking threepl.funcs.StrLenFunc]
[wrote RegularFileObject[../../classes/threepl/funcs/StrLenFunc.class]]
[checking threepl.funcs.StrPosFunc]
[wrote RegularFileObject[../../classes/threepl/funcs/StrPosFunc.class]]
[checking threepl.funcs.StrrPosFunc]
[wrote RegularFileObject[../../classes/threepl/funcs/StrrPosFunc.class]]
[checking threepl.funcs.SubstituteFunc]
[wrote RegularFileObject[../../classes/threepl/funcs/SubstituteFunc.class]]
[checking threepl.funcs.SubstringFunc]
[wrote RegularFileObject[../../classes/threepl/funcs/SubstringFunc.class]]
[checking threepl.funcs.TailFunc]
[wrote RegularFileObject[../../classes/threepl/funcs/TailFunc.class]]
[checking threepl.funcs.TanFunc]
[wrote RegularFileObject[../../classes/threepl/funcs/TanFunc.class]]
[checking threepl.funcs.TargConstToImmedFunc]
[wrote RegularFileObject[../../classes/threepl/funcs/TargConstToImmedFunc.class]]
[checking threepl.funcs.TargToImTypeFunc]
[wrote RegularFileObject[../../classes/threepl/funcs/TargToImTypeFunc.class]]
[checking threepl.funcs.TimeFunc]
[wrote RegularFileObject[../../classes/threepl/funcs/TimeFunc.class]]
[checking threepl.funcs.TimeStringFunc]
[wrote RegularFileObject[../../classes/threepl/funcs/TimeStringFunc.class]]
[checking threepl.funcs.ToArrayFunc]
[wrote RegularFileObject[../../classes/threepl/funcs/ToArrayFunc.class]]
[checking threepl.funcs.ToDegreeFunc]
[wrote RegularFileObject[../../classes/threepl/funcs/ToDegreeFunc.class]]
[checking threepl.funcs.ToLowerFunc]
[wrote RegularFileObject[../../classes/threepl/funcs/ToLowerFunc.class]]
[checking threepl.funcs.ToRadianFunc]
[wrote RegularFileObject[../../classes/threepl/funcs/ToRadianFunc.class]]
[checking threepl.funcs.ToStringFunc]
[wrote RegularFileObject[../../classes/threepl/funcs/ToStringFunc$1.class]]
[wrote RegularFileObject[../../classes/threepl/funcs/ToStringFunc.class]]
[checking threepl.funcs.ToUpperFunc]
[wrote RegularFileObject[../../classes/threepl/funcs/ToUpperFunc.class]]
[checking threepl.funcs.TruncFunc]
[wrote RegularFileObject[../../classes/threepl/funcs/TruncFunc$1.class]]
[wrote RegularFileObject[../../classes/threepl/funcs/TruncFunc.class]]
[checking threepl.funcs.TypeFunc]
[wrote RegularFileObject[../../classes/threepl/funcs/TypeFunc.class]]
[checking threepl.funcs.TypeStringFunc]
[wrote RegularFileObject[../../classes/threepl/funcs/TypeStringFunc$1.class]]
[wrote RegularFileObject[../../classes/threepl/funcs/TypeStringFunc.class]]
[checking threepl.funcs.TypeIsEqualFunc]
[wrote RegularFileObject[../../classes/threepl/funcs/TypeIsEqualFunc.class]]
[checking threepl.funcs.TypeValFunc]
[wrote RegularFileObject[../../classes/threepl/funcs/TypeValFunc.class]]
[checking threepl.funcs.TypeValStringFunc]
[wrote RegularFileObject[../../classes/threepl/funcs/TypeValStringFunc.class]]
[checking threepl.funcs.UsedFunc]
[wrote RegularFileObject[../../classes/threepl/funcs/UsedFunc.class]]
[checking threepl.funcs.VarExistsFunc]
[wrote RegularFileObject[../../classes/threepl/funcs/VarExistsFunc.class]]
[checking threepl.funcs.VarListFunc]
[wrote RegularFileObject[../../classes/threepl/funcs/VarListFunc.class]]
[checking threepl.funcs.WasAssignedFunc]
[wrote RegularFileObject[../../classes/threepl/funcs/WasAssignedFunc$1.class]]
[wrote RegularFileObject[../../classes/threepl/funcs/WasAssignedFunc.class]]
[checking threepl.funcs.WasWrittenFunc]
[wrote RegularFileObject[../../classes/threepl/funcs/WasWrittenFunc$1.class]]
[wrote RegularFileObject[../../classes/threepl/funcs/WasWrittenFunc.class]]
[checking threepl.funcs.WidthFunc]
[wrote RegularFileObject[../../classes/threepl/funcs/WidthFunc.class]]
[checking threepl.funcs.WordsFunc]
[wrote RegularFileObject[../../classes/threepl/funcs/WordsFunc$1.class]]
[wrote RegularFileObject[../../classes/threepl/funcs/WordsFunc.class]]
[checking threepl.funcs.WriteDomainFunc]
[wrote RegularFileObject[../../classes/threepl/funcs/WriteDomainFunc.class]]
[checking threepl.funcs.FileCanReadFunc]
[wrote RegularFileObject[../../classes/threepl/funcs/FileCanReadFunc$1.class]]
[wrote RegularFileObject[../../classes/threepl/funcs/FileCanReadFunc.class]]
[checking threepl.funcs.FileCanWriteFunc]
[wrote RegularFileObject[../../classes/threepl/funcs/FileCanWriteFunc$1.class]]
[wrote RegularFileObject[../../classes/threepl/funcs/FileCanWriteFunc.class]]
[checking threepl.funcs.FileDeleteFunc]
[wrote RegularFileObject[../../classes/threepl/funcs/FileDeleteFunc.class]]
[checking threepl.funcs.FileExistsFunc]
[wrote RegularFileObject[../../classes/threepl/funcs/FileExistsFunc$1.class]]
[wrote RegularFileObject[../../classes/threepl/funcs/FileExistsFunc.class]]
[checking threepl.funcs.FileGetParentFunc]
[wrote RegularFileObject[../../classes/threepl/funcs/FileGetParentFunc.class]]
[checking threepl.funcs.FileIsDirFunc]
[wrote RegularFileObject[../../classes/threepl/funcs/FileIsDirFunc$1.class]]
[wrote RegularFileObject[../../classes/threepl/funcs/FileIsDirFunc.class]]
[checking threepl.funcs.FileIsFileFunc]
[wrote RegularFileObject[../../classes/threepl/funcs/FileIsFileFunc$1.class]]
[wrote RegularFileObject[../../classes/threepl/funcs/FileIsFileFunc.class]]
[checking threepl.funcs.FileLastModFunc]
[wrote RegularFileObject[../../classes/threepl/funcs/FileLastModFunc$1.class]]
[wrote RegularFileObject[../../classes/threepl/funcs/FileLastModFunc.class]]
[checking threepl.funcs.FileLengthFunc]
[wrote RegularFileObject[../../classes/threepl/funcs/FileLengthFunc$1.class]]
[wrote RegularFileObject[../../classes/threepl/funcs/FileLengthFunc.class]]
[checking threepl.funcs.FileListFunc]
[wrote RegularFileObject[../../classes/threepl/funcs/FileListFunc$1.class]]
[wrote RegularFileObject[../../classes/threepl/funcs/FileListFunc.class]]
[checking threepl.funcs.FileListDirsFunc]
[wrote RegularFileObject[../../classes/threepl/funcs/FileListDirsFunc$1.class]]
[wrote RegularFileObject[../../classes/threepl/funcs/FileListDirsFunc.class]]
[checking threepl.funcs.FileListFilesFunc]
[wrote RegularFileObject[../../classes/threepl/funcs/FileListFilesFunc$1.class]]
[wrote RegularFileObject[../../classes/threepl/funcs/FileListFilesFunc.class]]
[checking threepl.funcs.FileMkDirFunc]
[wrote RegularFileObject[../../classes/threepl/funcs/FileMkDirFunc.class]]
[checking threepl.funcs.FileRenameFunc]
[wrote RegularFileObject[../../classes/threepl/funcs/FileRenameFunc.class]]
[checking threepl.funcs.FileSetReadOnlyFunc]
[wrote RegularFileObject[../../classes/threepl/funcs/FileSetReadOnlyFunc.class]]
[checking threepl.funcs.HadEOFFunc]
[wrote RegularFileObject[../../classes/threepl/funcs/HadEOFFunc.class]]
[checking threepl.funcs.ReadByteFunc]
[wrote RegularFileObject[../../classes/threepl/funcs/ReadByteFunc.class]]
[checking threepl.funcs.ReadLnFunc]
[wrote RegularFileObject[../../classes/threepl/funcs/ReadLnFunc.class]]
[checking threepl.netlist.NetListDraw]
../../sources/threepl/netlist/NetListDraw.java:39: warning: [rawtypes] found raw type: ArrayList
    public static  ArrayList<Gblock>[]  col_blocks = new ArrayList[COLMAX];
                                                         ^
  missing type arguments for generic class ArrayList<E>
  where E is a type-variable:
    E extends Object declared in class ArrayList
../../sources/threepl/netlist/NetListDraw.java:146: warning: [rawtypes] found raw type: ArrayList
        col_blocks = new ArrayList[COLMAX];
                         ^
  missing type arguments for generic class ArrayList<E>
  where E is a type-variable:
    E extends Object declared in class ArrayList
[loading ZipFileIndexFileObject[/Library/Java/JavaVirtualMachines/amazon-corretto-8.jdk/Contents/Home/lib/ct.sym(META-INF/sym/rt.jar/java/awt/FontMetrics.class)]]
../../sources/threepl/netlist/NetListDraw.java:593: warning: [rawtypes] found raw type: ArrayList
            blist = new ArrayList[pins];
                        ^
  missing type arguments for generic class ArrayList<E>
  where E is a type-variable:
    E extends Object declared in class ArrayList
[loading ZipFileIndexFileObject[/Library/Java/JavaVirtualMachines/amazon-corretto-8.jdk/Contents/Home/lib/ct.sym(META-INF/sym/rt.jar/java/awt/geom/AffineTransform.class)]]
[loading ZipFileIndexFileObject[/Library/Java/JavaVirtualMachines/amazon-corretto-8.jdk/Contents/Home/lib/ct.sym(META-INF/sym/rt.jar/java/text/AttributedCharacterIterator.class)]]
[wrote RegularFileObject[../../classes/threepl/netlist/NetListDraw$Gblock.class]]
[wrote RegularFileObject[../../classes/threepl/netlist/NetListDraw$BListElement.class]]
[wrote RegularFileObject[../../classes/threepl/netlist/NetListDraw.class]]
[checking threepl.netlist.Properties]
[wrote RegularFileObject[../../classes/threepl/netlist/Properties$1.class]]
[wrote RegularFileObject[../../classes/threepl/netlist/Properties.class]]
[checking threepl.netlist.SigList]
[loading ZipFileIndexFileObject[/Library/Java/JavaVirtualMachines/amazon-corretto-8.jdk/Contents/Home/lib/ct.sym(META-INF/sym/rt.jar/javax/swing/AbstractListModel.class)]]
[loading ZipFileIndexFileObject[/Library/Java/JavaVirtualMachines/amazon-corretto-8.jdk/Contents/Home/lib/ct.sym(META-INF/sym/rt.jar/java/util/Vector.class)]]
[loading ZipFileIndexFileObject[/Library/Java/JavaVirtualMachines/amazon-corretto-8.jdk/Contents/Home/lib/ct.sym(META-INF/sym/rt.jar/javax/swing/ListModel.class)]]
[wrote RegularFileObject[../../classes/threepl/netlist/SigList$1.class]]
[wrote RegularFileObject[../../classes/threepl/netlist/SigList.class]]
[checking threepl.netlist.xilinx.XTDEOptimise]
[wrote RegularFileObject[../../classes/threepl/netlist/xilinx/XTDEOptimise$1.class]]
[wrote RegularFileObject[../../classes/threepl/netlist/xilinx/XTDEOptimise.class]]
[checking threepl.netlist.xilinx.XNetlistOptimise]
[wrote RegularFileObject[../../classes/threepl/netlist/xilinx/XNetlistOptimise$1.class]]
[wrote RegularFileObject[../../classes/threepl/netlist/xilinx/XNetlistOptimise.class]]
[checking threepl.procs.MemoryCommon]
[wrote RegularFileObject[../../classes/threepl/procs/MemoryCommon.class]]
[total 6126ms]
70 warnings
